Precinct,Councilmanic,Voted_Female,Voted_Male,Voted_UnknownSex,Voted_16to17,Voted_18to29,Voted_30to49,Voted_50to64,Voted_65plus,Voted_UnknownAge,Voted_Total,Voted_Adults,Legislative,Adjusted_Total_Pop,Adjusted_Total_Adult_Pop,Adjusted_Hispanic_Latino_Adult_Pop,Registered_Female,Registered_Male,Registered_UnknownSex,Registered_30to49,Registered_16to17,Registered_18to29,Registered_50to64,Registered_65plus,Registered_UnknownAge,Registered_Under16,Registered_Total,Registered_Adults
10-001,012,264,135,0,0,47,86,134,103,29,399,370,45,1239,978,24,737,589,1,410,8,222,371,313,3,0,1327,1316
10-002,012,255,122,0,0,29,60,94,171,23,377,354,45,1495,1119,12,968,687,1,415,5,194,418,622,2,0,1656,1649
10-003,012,42,35,0,1,7,20,32,14,3,77,73,46,1229,937,16,399,467,1,313,5,121,284,142,2,0,867,860
10-004,012,124,75,0,0,10,38,57,82,12,199,187,45,733,622,9,492,464,1,224,3,103,270,356,1,0,957,953
01-001,001,341,262,0,0,112,307,85,56,43,603,560,46,1901,1657,174,1100,1005,5,1127,3,409,285,286,0,0,2110,2107
01-002,001,396,302,1,0,143,281,130,84,61,699,638,46,2485,2176,210,1444,1337,5,1402,3,507,468,406,0,0,2786,2783
01-003,001,327,262,1,1,130,221,85,104,49,590,540,46,2038,1859,121,1352,1268,2,1259,2,565,350,446,0,0,2622,2620
01-004,001,449,378,2,1,142,279,170,177,60,829,768,46,3159,2918,153,1910,1839,3,1735,4,655,618,740,0,0,3752,3748
01-005,001,573,474,3,0,251,495,127,122,55,1050,995,46,3580,3233,178,2227,2093,7,2211,1,968,492,654,1,0,4327,4325
11-001,012,309,275,3,0,155,212,85,91,44,587,543,45,2215,2111,170,1334,1286,10,1479,2,503,334,310,2,0,2630,2626
11-002,011,85,88,0,0,28,50,51,38,6,173,167,45,762,725,59,452,487,3,367,0,168,179,228,0,0,942,942
11-003,011,330,302,0,1,75,174,168,180,34,632,597,40,2334,2138,124,1218,1041,5,936,7,357,449,514,1,0,2264,2256
11-004,011,12,6,0,0,3,10,1,3,1,18,17,44,126,91,7,41,54,0,43,1,19,18,14,0,0,95,94
11-005,011,411,284,6,0,174,232,161,87,47,701,654,40,2260,1904,74,1856,1590,15,1653,3,697,705,400,3,0,3461,3455
11-006,011,354,272,2,1,109,141,106,238,33,628,594,40,3478,3339,199,1808,1709,11,1452,1,525,575,969,6,0,3528,3521
11-007,012,251,280,2,1,143,193,97,60,39,533,493,45,2028,1966,131,1169,1279,5,1346,4,509,365,227,2,0,2453,2447
12-001,014,788,620,1,7,93,250,299,703,57,1409,1345,43,4634,4218,191,2253,1950,9,1320,11,479,751,1650,1,0,4212,4200
12-002,014,69,63,1,0,17,30,38,41,7,133,126,43,315,252,15,176,187,1,117,3,61,92,91,0,0,364,361
12-003,014,156,139,1,0,54,150,41,34,17,296,279,43,1137,1034,63,472,443,2,489,1,179,137,111,0,0,917,916
12-004,014,257,186,0,1,61,122,117,119,23,443,419,43,4410,4227,429,1403,1315,14,1111,7,942,315,351,5,1,2732,2719
12-005,014,277,226,1,0,111,212,87,64,30,504,474,43,2257,2095,156,978,908,9,967,2,432,289,205,0,0,1895,1893
12-006,014,180,163,0,0,97,128,49,45,24,343,319,43,1561,1473,148,798,758,3,867,1,359,195,136,1,0,1559,1557
12-007,012,337,236,2,1,114,246,96,88,30,575,544,43,1787,1493,129,1002,935,5,810,8,383,386,353,2,0,1942,1932
12-008,012,639,555,3,1,256,467,205,184,84,1197,1112,43,2152,1954,168,2281,2331,12,2002,8,792,930,887,5,0,4624,4611
12-009,012,44,34,0,0,24,28,10,9,7,78,71,43,2377,2137,170,158,177,1,157,0,59,62,57,1,0,336,335
12-010,012,334,225,1,0,90,194,149,94,33,560,527,43,2397,2093,165,1406,1450,5,1006,3,453,767,628,4,0,2861,2854
12-011,012,82,105,1,0,23,55,67,40,3,188,185,43,1405,1154,54,514,628,4,297,0,128,357,363,1,0,1146,1145
12-012,012,372,281,3,2,128,291,123,71,41,656,613,45,2294,2000,126,1232,1275,11,1140,5,482,544,343,4,0,2518,2509
13-001,014,347,261,0,2,43,108,80,355,20,608,586,41,2258,2059,65,1170,800,4,414,8,142,199,1211,0,0,1974,1966
13-002,014,486,385,0,2,100,315,160,251,43,871,826,40,1547,1408,49,1425,1142,4,882,4,314,434,937,0,0,2571,2567
13-003,007,173,112,0,0,38,159,38,32,18,285,267,40,2701,2379,114,481,424,3,493,1,144,148,122,0,0,908,907
13-004,007,672,522,1,0,207,556,185,172,75,1195,1120,40,1556,1302,62,1886,1642,4,1690,6,589,582,662,3,0,3532,3523
13-005,007,245,184,2,2,55,176,98,75,25,431,404,40,1136,994,46,729,640,6,593,5,195,245,337,0,0,1375,1370
13-006,007,112,89,0,1,22,29,78,62,9,201,191,40,858,689,12,445,416,0,246,3,119,267,220,6,0,861,852
13-007,007,227,138,0,0,39,62,115,126,23,365,342,40,1625,1301,27,923,834,3,525,6,252,438,532,7,0,1760,1747
13-008,007,385,238,0,0,61,172,202,164,24,623,599,40,2221,1769,48,1160,1084,4,758,9,314,645,515,7,0,2248,2232
13-009,007,250,209,0,1,55,153,138,89,23,459,435,40,1582,1338,26,914,946,2,597,4,224,567,458,12,0,1862,1846
13-010,007,340,264,1,0,71,183,151,161,39,605,566,40,1926,1609,37,1006,1001,4,778,5,280,511,435,2,0,2011,2004
13-011,014,652,535,1,2,184,633,157,131,81,1188,1105,43,2665,2387,99,1824,1661,6,1910,6,560,501,514,0,0,3491,3485
13-012,014,382,287,1,0,63,336,109,130,32,670,638,40,1989,1757,51,1013,830,3,970,4,219,301,352,0,0,1846,1842
14-001,011,214,176,0,0,54,125,79,112,20,390,370,40,2055,1934,144,1009,739,7,732,4,355,253,409,2,0,1755,1749
14-002,011,208,216,0,2,36,80,120,170,16,424,406,40,1153,986,31,751,704,3,416,10,188,278,565,0,1,1458,1447
14-003,011,121,77,0,0,31,60,46,51,10,198,188,44,1355,933,18,589,492,1,392,6,220,238,221,4,1,1082,1071
14-004,011,464,325,0,5,86,214,207,239,38,789,746,44,3069,2514,56,1792,1621,5,1141,14,465,902,885,10,1,3418,3393
14-005,007,91,58,1,0,20,28,50,46,6,150,144,40,609,483,10,347,339,2,194,2,91,185,214,2,0,688,684
15-001,006,353,210,0,0,48,140,177,174,24,563,539,41,2047,1679,36,1052,924,4,540,4,286,519,623,7,1,1980,1968
15-002,006,220,144,0,0,46,80,107,108,23,364,341,41,1337,1039,21,636,561,1,317,3,170,307,401,0,0,1198,1195
15-003,006,572,308,0,0,81,182,267,311,39,880,841,41,2875,2306,58,1528,1140,3,669,12,368,672,948,2,0,2671,2657
15-004,006,307,174,0,1,50,122,130,150,28,481,452,40,1108,896,13,762,572,2,368,6,199,354,407,2,0,1336,1328
15-005,007,393,243,0,1,75,158,181,199,22,636,613,40,1514,1254,35,916,695,2,449,5,241,356,562,0,0,1613,1608
15-006,007,447,260,0,2,75,179,205,219,27,707,678,40,2104,1646,20,1202,966,4,620,9,312,510,717,4,0,2172,2159
15-007,007,316,208,1,0,62,124,159,154,26,525,499,41,1935,1538,38,988,796,2,520,9,304,448,504,1,0,1786,1776
15-008,006,222,145,0,0,35,71,107,134,20,367,347,41,877,710,14,505,423,0,225,1,110,231,361,0,0,928,927
15-009,006,594,317,1,0,87,215,232,337,41,912,871,41,3513,2752,48,1817,1585,3,1028,11,487,839,1031,8,1,3405,3385
15-010,006,351,229,1,1,55,128,159,205,33,581,547,41,1875,1537,32,925,809,3,464,5,232,456,580,0,0,1737,1732
15-011,007,256,162,0,1,46,101,121,123,26,418,391,41,1831,1449,27,863,813,1,469,11,278,447,468,4,0,1677,1662
15-012,007,47,22,0,0,3,21,20,21,4,69,65,41,387,302,5,199,186,1,96,1,53,107,126,3,0,386,382
15-013,007,138,88,2,1,19,45,76,78,9,228,218,40,936,733,4,514,523,2,310,4,120,319,281,5,0,1039,1030
15-014,007,339,170,0,0,40,114,144,193,18,509,491,40,1690,1330,10,1091,791,2,507,7,221,481,665,3,0,1884,1874
15-015,007,126,55,0,0,20,28,73,54,6,181,175,40,911,677,8,543,472,1,310,2,137,258,305,4,0,1016,1010
15-016,007,161,87,0,1,34,59,80,71,3,248,244,40,915,706,2,566,505,0,302,6,143,284,332,4,0,1071,1061
15-017,007,255,146,0,0,40,97,109,131,24,401,377,40,1791,1407,9,1162,1004,2,690,6,314,522,629,7,0,2168,2155
15-018,007,428,248,0,1,55,162,237,171,50,676,625,40,3287,2496,46,1852,1619,4,1110,10,483,1093,768,10,1,3475,3454
15-019,007,16,9,0,0,3,3,9,10,0,25,25,44,96,72,5,52,58,0,29,0,14,33,33,1,0,110,109
15-020,007,502,243,1,0,61,137,240,271,37,746,709,40,3296,2776,71,1795,1397,4,886,10,451,830,1012,7,0,3196,3179
15-021,007,274,132,0,0,35,82,102,162,25,406,381,40,1481,1211,18,801,623,4,388,3,175,353,506,3,0,1428,1422
15-022,006,251,149,0,1,30,72,112,167,18,400,381,40,1225,924,14,996,863,0,467,5,207,467,712,1,0,1859,1853
15-023,006,322,174,0,1,47,117,152,156,23,496,472,40,2381,1943,33,1170,997,3,664,8,280,610,604,3,1,2170,2158
15-024,006,403,213,1,0,57,131,169,232,28,617,589,40,2417,1837,30,1380,1159,5,772,15,360,647,745,5,0,2544,2524
15-025,006,123,66,0,0,11,41,64,68,5,189,184,40,1019,881,34,484,599,1,322,2,123,333,303,1,0,1084,1081
16-001,009,129,87,1,0,16,60,76,54,11,217,206,44,989,745,20,487,477,2,303,7,139,284,231,2,0,966,957
16-002,009,203,157,0,1,14,76,103,147,19,360,340,40,1593,1316,30,860,899,0,477,4,169,452,653,4,0,1759,1751
16-003,009,116,77,0,0,13,36,56,80,8,193,185,44,1001,805,19,617,596,5,341,4,146,331,394,2,0,1218,1212
16-004,009,78,50,1,0,16,25,45,34,9,129,120,44,662,510,11,419,434,1,252,3,116,202,276,5,0,854,846
16-005,009,329,179,1,1,45,108,183,143,29,509,479,44,2073,1686,15,1302,1094,2,643,7,262,646,836,4,0,2398,2387
16-006,009,349,195,0,1,66,116,162,164,35,544,508,40,2124,1702,28,1180,895,2,574,8,305,528,657,4,1,2077,2064
16-007,009,308,170,1,1,47,114,145,145,27,479,451,44,1662,1264,24,958,778,1,488,6,248,462,530,3,0,1737,1728
16-008,009,194,109,0,0,27,62,86,116,12,303,291,40,1000,775,11,634,538,2,303,4,154,303,407,3,0,1174,1167
16-009,009,244,159,1,0,37,70,128,144,25,404,379,40,1642,1276,13,1053,865,3,482,4,215,500,717,3,0,1921,1914
16-010,009,164,82,0,0,16,58,68,90,14,246,232,40,1099,837,12,621,490,0,317,5,157,279,352,0,1,1111,1105
16-011,009,120,65,0,0,11,49,62,54,9,185,176,40,1001,788,20,450,392,2,236,3,129,204,269,3,0,844,838
16-012,009,303,168,0,0,54,112,134,143,28,471,443,40,2313,1693,28,1094,908,1,607,3,343,455,588,6,1,2003,1993
16-013,008,359,184,0,2,56,127,148,181,29,543,512,41,2051,1537,25,1136,887,4,597,11,344,459,610,6,0,2027,2010
16-014,008,781,429,2,8,124,289,344,379,68,1212,1136,41,3691,2910,45,2039,1568,5,1071,18,533,887,1094,9,0,3612,3585
17-001,011,32,23,0,0,4,8,22,21,0,55,55,44,268,210,6,134,118,0,75,1,45,69,62,0,0,252,251
17-002,011,560,325,1,1,85,199,289,260,52,886,833,40,3984,3103,87,2231,1883,6,1168,13,603,1102,1230,4,0,4120,4103
18-001,009,187,101,0,0,24,69,120,62,13,288,275,40,1743,1209,14,787,601,2,446,3,208,426,303,4,0,1390,1383
18-002,009,251,198,1,1,67,165,116,75,26,450,423,40,2310,1877,118,1222,1256,4,949,8,401,623,496,5,0,2482,2469
19-001,009,207,123,1,1,34,70,121,94,11,331,319,44,1661,1294,55,855,762,2,519,5,230,477,385,3,0,1619,1611
19-002,009,235,182,1,1,42,152,120,77,26,418,391,40,3332,2497,299,1330,1389,9,1034,8,412,725,537,12,0,2728,2708
19-003,009,38,27,0,0,1,8,21,31,4,65,61,44,294,254,6,161,143,0,61,1,25,70,147,0,0,304,303
20-001,009,263,144,1,0,46,75,127,145,15,408,393,44,1840,1442,8,1075,945,5,578,6,288,520,626,7,0,2025,2012
20-002,009,91,65,0,0,9,44,60,35,8,156,148,44,945,742,26,442,390,0,276,2,118,242,192,2,0,832,828
20-003,009,314,183,0,0,40,96,152,190,19,497,478,44,2150,1677,39,1218,1117,3,646,4,299,602,776,11,0,2338,2323
20-004,009,42,39,0,0,4,17,29,25,6,81,75,44,244,191,0,132,133,0,74,0,34,66,89,2,0,265,263
20-005,009,209,104,0,0,32,65,101,98,17,313,296,41,1261,952,47,653,583,1,358,6,168,312,389,4,0,1237,1227
20-006,008,734,381,0,2,90,213,347,408,55,1115,1058,41,3421,2700,18,2162,1713,2,1000,15,523,949,1388,2,0,3877,3860
20-007,008,428,270,0,0,59,150,216,225,48,698,650,41,2759,2184,57,1348,1221,1,767,9,375,663,753,3,0,2570,2558
20-008,008,135,76,0,0,22,46,70,66,7,211,204,44,889,704,19,488,358,3,265,1,158,226,199,0,0,849,848
20-009,010,89,50,0,0,12,39,44,32,12,139,127,44,1034,803,73,435,393,1,290,5,130,197,204,3,0,829,821
02-001,013,221,186,2,1,107,162,59,54,26,409,382,46,1636,1409,273,805,776,5,806,1,325,222,228,4,0,1586,1581
20-010,009,66,47,0,2,12,17,26,52,4,113,107,40,913,677,45,395,337,2,209,4,87,189,243,2,0,734,728
20-011,009,106,90,0,0,20,46,78,45,7,196,189,40,2181,1564,107,959,950,5,688,5,300,506,409,5,1,1914,1903
02-002,001,304,255,2,1,137,238,100,53,32,561,528,46,2445,2148,340,1276,1220,5,1280,4,526,341,350,0,0,2501,2497
02-003,001,408,362,0,1,147,255,154,171,42,770,727,46,3395,3143,225,1931,1970,14,1941,5,677,682,609,1,0,3915,3909
21-001,011,149,105,1,0,83,96,35,26,15,255,240,40,1149,1054,56,794,751,3,879,1,405,166,96,1,0,1548,1546
21-002,010,295,232,0,0,117,172,106,106,26,527,501,40,1925,1663,104,1051,1072,2,905,3,443,381,390,2,1,2125,2119
21-003,010,324,238,0,0,116,178,161,75,32,562,530,40,2607,2071,97,1356,1231,7,1027,4,526,602,422,13,0,2594,2577
21-004,010,52,49,0,0,19,47,16,10,9,101,92,46,725,636,20,208,255,0,190,2,91,105,74,1,0,463,460
22-001,011,358,241,0,0,74,79,99,324,23,599,576,46,2026,1968,83,1137,843,3,487,0,269,262,963,2,0,1983,1981
22-002,011,378,324,0,4,103,197,170,195,33,702,665,46,1828,1628,101,1141,1147,3,949,6,384,477,475,0,0,2291,2285
23-001,011,221,191,0,0,146,139,62,34,31,412,381,46,1759,1604,84,1056,1124,2,1008,2,655,275,241,1,0,2182,2179
23-002,011,186,158,1,0,98,121,61,45,20,345,325,46,1745,1517,55,753,864,1,622,2,503,294,197,0,0,1618,1616
23-003,011,305,273,0,0,196,200,75,62,45,578,533,46,2714,2539,113,1390,1505,3,1269,2,982,346,299,0,0,2898,2896
24-001,011,168,145,1,0,52,75,86,87,14,314,300,46,933,808,23,557,561,2,424,4,199,235,258,0,0,1120,1116
24-002,011,142,139,0,0,88,106,41,28,18,281,263,46,1153,1054,45,647,658,0,625,1,385,147,146,1,0,1305,1303
24-003,011,425,341,0,0,121,274,160,169,42,766,724,46,2066,1910,72,1446,1298,3,1202,6,477,546,516,0,0,2747,2741
24-004,011,534,424,0,0,224,450,130,105,49,958,909,46,3082,2695,136,1847,1809,5,1858,4,878,413,508,0,0,3661,3657
24-005,011,831,709,1,2,281,646,274,231,107,1541,1432,46,4892,4299,190,2600,2545,5,2454,7,1130,819,740,0,0,5150,5143
25-001,008,744,390,1,1,128,316,330,295,65,1135,1069,44,4097,3150,104,1936,1408,5,1158,11,601,832,747,0,0,3349,3338
25-002,008,472,241,2,1,104,192,216,163,39,715,675,44,2870,2183,61,1336,999,4,848,11,451,562,465,2,0,2339,2326
25-003,010,175,94,0,0,31,77,70,77,14,269,255,40,2918,2389,145,625,529,3,378,8,180,276,315,0,0,1157,1149
25-004,010,304,211,0,0,48,119,169,151,28,515,487,40,4313,3385,440,1603,1485,4,981,6,431,871,802,1,0,3092,3085
25-005,010,316,236,2,1,70,118,178,160,27,554,526,46,5024,3520,1301,1168,1150,9,751,10,402,624,538,2,0,2327,2315
25-006,010,196,98,0,0,30,65,95,88,16,294,278,46,1464,1010,54,681,485,0,366,4,189,299,306,2,0,1166,1160
25-007,010,86,47,0,0,18,31,55,22,7,133,126,46,603,453,7,329,302,0,199,0,95,185,152,0,0,631,631
25-008,010,385,159,0,0,73,148,180,115,28,544,516,46,4076,2744,128,1694,1062,2,976,7,539,675,548,13,0,2758,2738
25-009,010,245,106,0,0,33,92,93,116,17,351,334,46,1709,1067,10,919,581,2,520,8,247,333,391,3,0,1502,1491
25-010,010,268,153,0,0,43,117,138,103,20,421,401,46,1868,1408,59,870,743,1,528,5,265,364,449,3,0,1614,1606
25-011,010,84,65,0,0,13,27,61,43,5,149,144,46,1533,1093,441,425,410,0,255,5,106,246,222,1,0,835,829
25-012,010,156,109,0,2,32,54,97,60,20,265,243,46,3002,2085,586,893,795,1,613,9,246,416,404,1,0,1689,1679
25-013,010,75,67,0,0,12,42,49,33,6,142,136,46,1576,1120,230,502,502,2,383,1,137,277,207,1,0,1006,1004
25-014,010,136,75,0,0,32,64,72,30,13,211,198,46,2304,1462,250,774,595,1,542,7,286,328,206,1,0,1370,1362
25-015,010,133,83,0,0,22,62,80,40,12,216,204,46,2405,1789,194,779,627,2,493,6,240,385,281,3,0,1408,1399
25-016,010,170,144,0,0,30,84,103,81,16,314,298,46,2823,2133,272,1019,988,0,738,3,331,515,417,2,1,2007,2001
25-017,010,277,156,0,0,39,100,110,169,15,433,418,40,671,584,40,1356,941,1,560,5,291,415,1027,0,0,2298,2293
26-001,001,26,24,0,0,9,4,17,15,5,50,45,46,675,512,114,223,204,0,128,1,65,103,130,0,0,427,426
26-002,001,221,148,0,0,47,89,114,91,28,369,341,46,3603,2578,983,1151,956,4,662,7,334,564,540,4,0,2111,2100
26-003,001,199,149,0,1,40,56,94,143,14,348,333,46,2860,2142,858,863,819,2,423,10,221,384,645,1,0,1684,1673
26-004,001,132,92,0,0,16,53,66,77,12,224,212,46,2672,1925,902,657,599,3,365,5,118,233,535,3,0,1259,1251
26-005,001,94,50,0,0,21,33,25,53,12,144,132,46,1210,940,347,323,290,1,174,3,72,135,230,0,0,614,611
26-006,001,123,86,0,1,21,55,51,68,13,209,195,46,2004,1448,633,597,598,3,367,2,172,205,452,0,0,1198,1196
26-007,001,218,183,0,0,75,205,44,45,32,401,369,46,2873,2252,707,895,866,2,793,5,361,240,364,0,0,1763,1758
26-008,001,289,191,0,0,124,174,77,73,32,480,448,46,1947,1812,72,1133,978,4,1030,0,641,216,228,0,0,2115,2115
26-009,001,565,459,1,0,184,492,140,151,58,1025,967,46,3705,3284,243,2139,2015,4,2113,5,876,483,679,2,0,4158,4151
26-010,001,356,256,0,0,112,276,99,81,44,612,568,46,4757,3562,1637,1447,1289,6,1181,2,521,463,572,3,0,2742,2737
26-011,002,117,103,0,0,36,60,50,70,4,220,216,46,2660,1925,978,633,721,1,447,1,172,296,439,0,0,1355,1354
26-012,013,60,22,0,0,10,16,25,25,6,82,76,46,1197,871,324,335,302,1,205,5,91,176,159,2,0,638,631
26-013,013,104,83,0,0,10,29,57,86,5,187,182,45,1799,1299,437,590,519,0,261,4,144,270,428,2,0,1109,1103
26-014,002,76,50,0,1,11,16,35,58,5,126,120,45,2380,1666,780,541,493,2,274,6,157,246,353,0,0,1036,1030
26-015,002,394,216,1,1,62,164,181,182,21,611,589,45,2499,1862,52,1058,761,1,629,10,357,409,413,2,0,1820,1808
26-016,002,324,148,0,1,44,114,142,147,24,472,447,45,1744,1230,17,866,596,1,509,17,267,344,326,0,0,1463,1446
26-017,013,128,57,2,0,26,65,61,29,6,187,181,45,1050,744,23,440,285,2,239,2,142,197,146,1,0,727,724
26-018,013,332,163,0,1,48,121,161,133,31,495,463,45,1442,1121,20,717,559,2,410,5,198,339,324,2,0,1278,1271
26-019,013,351,191,1,2,50,129,187,141,34,543,507,45,1843,1430,26,987,743,1,538,6,273,471,442,1,0,1731,1724
26-020,013,181,80,0,1,37,67,81,51,24,261,236,45,1067,802,22,492,395,1,289,1,183,256,158,1,0,888,886
26-021,013,217,112,0,1,27,99,107,77,18,329,310,45,1354,983,18,616,452,0,385,7,187,286,202,1,0,1068,1060
26-022,002,166,102,0,0,27,73,83,64,21,268,247,45,1074,798,28,510,403,1,328,3,144,235,201,3,0,914,908
26-023,002,282,145,0,3,48,117,145,89,25,427,399,45,1734,1326,26,811,542,2,469,6,274,350,255,1,0,1355,1348
26-024,002,565,298,0,0,87,203,272,252,49,863,814,45,3114,2490,45,1436,1104,3,792,9,437,681,622,2,0,2543,2532
26-025,002,291,193,1,1,60,103,184,105,32,485,452,45,2834,2249,61,1158,976,5,646,10,407,564,507,5,0,2139,2124
26-026,002,436,268,0,1,92,203,218,144,46,704,657,45,2443,1919,66,1176,981,1,709,13,359,595,481,1,0,2158,2144
26-027,002,403,236,0,1,68,157,208,166,39,639,599,45,1881,1513,39,919,755,1,501,7,255,446,464,2,0,1675,1666
26-028,002,350,205,0,0,66,137,168,151,33,555,522,45,1371,1099,26,776,631,2,450,8,228,364,359,0,0,1409,1401
26-029,002,1083,605,0,5,207,412,487,470,107,1688,1576,45,5686,4412,96,2762,2116,3,1644,28,851,1201,1153,4,0,4881,4849
26-030,002,255,171,0,0,41,135,132,99,19,426,407,45,1261,1024,38,640,530,2,393,8,169,307,294,1,0,1172,1163
26-031,002,179,131,1,0,30,82,97,80,22,311,289,45,1156,868,40,528,455,1,324,5,155,258,242,0,0,984,979
26-032,013,463,229,0,1,85,173,217,176,40,692,651,45,2257,1740,26,1207,891,1,697,16,377,546,463,0,0,2099,2083
26-033,013,440,219,1,0,56,163,226,173,42,660,618,45,2047,1626,17,1116,728,3,582,3,275,526,460,1,0,1847,1843
27-001,003,607,373,1,2,99,310,296,225,49,981,930,45,2911,2291,89,1446,1254,3,959,17,386,720,620,1,0,2703,2685
27-002,003,230,163,0,0,30,138,110,100,15,393,378,45,662,538,33,441,366,1,293,3,83,214,215,0,0,808,805
27-003,003,237,152,0,0,43,124,118,87,17,389,372,45,805,644,25,505,400,0,318,3,116,236,232,0,0,905,902
27-004,003,156,104,0,0,25,114,52,57,12,260,248,45,691,558,18,369,338,0,272,2,92,169,172,0,0,707,705
27-005,003,642,432,2,3,126,363,318,208,58,1076,1015,45,3105,2465,59,1580,1402,4,1047,13,458,749,718,1,0,2986,2972
27-006,002,825,462,0,2,136,370,405,310,64,1287,1221,45,4193,3295,117,2078,1661,2,1293,19,586,970,870,2,1,3741,3719
27-007,002,313,152,0,1,41,133,128,142,20,465,444,45,1880,1473,27,924,649,0,497,3,244,368,460,1,0,1573,1569
27-008,002,655,403,0,2,110,322,328,235,61,1058,995,45,3578,2846,98,1671,1389,5,1051,18,452,786,755,2,1,3065,3044
27-009,003,411,270,0,1,75,241,177,152,35,681,645,45,1912,1495,69,982,913,1,652,8,269,467,500,0,0,1896,1888
27-010,002,178,136,0,1,40,105,89,70,9,314,304,45,1026,806,29,496,438,0,313,4,113,244,260,0,0,934,930
27-011,003,554,381,1,2,95,307,263,223,46,936,888,45,3246,2622,128,1645,1411,2,1072,16,422,769,778,1,0,3058,3041
27-012,003,172,104,0,1,29,89,82,53,22,276,253,43,859,714,29,430,373,0,309,1,99,201,192,1,0,803,801
27-013,003,574,342,0,1,125,240,284,211,55,916,860,43,4609,3540,148,1911,1586,4,1193,22,662,869,754,1,0,3501,3478
27-014,003,688,461,0,1,115,422,296,249,66,1149,1082,45,3325,2712,104,1740,1493,2,1147,17,448,805,817,1,0,3235,3217
27-015,003,582,319,0,1,98,228,255,271,48,901,852,43,2993,2336,54,1403,1076,2,833,14,409,595,630,0,0,2481,2467
27-016,003,223,120,1,0,35,110,92,92,15,344,329,43,985,788,18,499,410,3,344,3,120,211,233,1,0,912,908
27-017,003,376,265,0,1,60,203,149,198,30,641,610,43,1479,1197,35,1246,918,4,790,9,518,352,489,10,0,2168,2149
27-018,003,480,330,2,2,92,282,217,178,41,812,769,43,3713,3337,153,1210,995,4,779,7,278,508,635,2,0,2209,2200
27-019,004,326,167,0,1,64,110,148,146,24,493,468,43,978,768,6,841,628,1,475,5,275,363,352,0,0,1470,1465
27-020,004,818,363,0,4,131,279,345,357,65,1181,1112,43,3144,2560,69,1877,1159,1,896,12,414,739,975,1,0,3037,3024
27-021,004,583,328,0,1,107,233,266,259,45,911,865,43,3231,2625,43,1349,962,2,805,9,399,565,534,1,0,2313,2303
27-022,003,868,442,0,2,108,259,311,575,55,1310,1253,43,2960,2392,38,2118,1379,0,849,12,399,741,1492,3,1,3497,3481
27-023,003,206,96,0,1,35,75,76,108,7,302,294,43,663,541,5,419,288,1,195,8,98,155,252,0,0,708,700
27-024,003,180,90,0,3,32,61,69,93,12,270,255,43,645,553,10,467,349,0,265,5,178,153,213,2,0,816,809
27-025,003,397,196,1,1,74,136,128,220,35,594,558,43,1530,1252,21,904,715,2,520,8,243,355,495,0,0,1621,1613
27-026,003,232,177,0,2,39,128,102,110,28,409,379,43,1491,1298,36,611,538,0,399,8,155,295,292,0,0,1149,1141
27-027,004,510,256,0,2,82,189,206,239,48,766,716,43,2194,1750,12,1200,902,0,616,16,326,515,629,0,0,2102,2086
27-028,004,357,200,2,2,50,136,149,197,25,559,532,43,1557,1228,12,913,676,2,474,2,235,363,515,2,0,1591,1587
27-029,004,241,146,0,0,45,87,117,120,18,387,369,43,1122,918,8,626,501,1,344,1,194,297,290,2,0,1128,1125
27-030,004,416,225,0,0,67,117,192,228,37,641,604,43,1909,1543,50,1023,767,2,475,4,325,470,515,2,1,1792,1785
27-031,004,639,349,2,3,108,216,315,298,50,990,937,43,2966,2316,52,1507,1152,2,822,12,462,678,684,3,0,2661,2646
27-032,004,708,440,0,2,139,293,325,331,58,1148,1088,43,3285,2732,126,1746,1323,4,992,15,458,768,840,0,0,3073,3058
27-033,004,723,409,0,0,109,309,318,341,55,1132,1077,43,2840,2319,90,1605,1317,5,993,17,412,671,832,2,0,2927,2908
27-034,004,479,279,1,1,87,200,237,198,36,759,722,43,1957,1540,33,1287,1047,4,799,10,371,570,587,1,0,2338,2327
27-035,004,721,385,2,1,111,265,309,353,69,1108,1038,43,4053,3111,85,2063,1623,3,1165,24,552,943,1002,2,1,3689,3662
27-036,004,181,113,1,0,34,64,82,101,14,295,281,43,1260,950,11,683,577,3,397,7,217,297,344,1,0,1263,1255
27-037,004,567,416,0,4,97,266,292,274,50,983,929,43,841,637,24,1460,1159,1,791,17,308,730,773,1,0,2620,2602
27-038,004,9,15,0,0,2,1,5,11,5,24,19,43,2583,2321,178,376,208,8,452,1,68,18,53,0,0,592,591
27-039,004,146,115,0,1,28,77,89,56,10,261,250,43,1003,786,33,340,295,0,204,4,72,190,164,1,0,635,630
27-040,004,656,563,1,6,97,399,340,327,51,1220,1163,43,1920,1469,57,1610,1497,1,1061,42,314,752,939,0,0,3108,3066
27-041,004,391,299,1,5,55,221,192,187,31,691,655,43,2461,1892,70,890,732,2,607,16,171,417,413,0,0,1624,1608
27-042,005,504,436,1,8,80,217,240,345,51,941,882,41,2120,1674,51,1212,1174,3,718,18,282,529,841,1,0,2389,2370
27-043,006,353,156,0,0,17,46,94,337,15,509,494,41,898,848,40,813,487,0,220,0,52,228,800,0,0,1300,1300
27-044,006,404,326,0,2,76,209,202,206,35,730,693,41,1497,1181,31,862,777,2,589,16,195,403,437,1,0,1641,1624
27-045,006,605,467,0,8,105,299,310,302,48,1072,1016,41,4974,4533,374,1395,1138,0,864,22,283,628,736,0,0,2533,2511
27-046,014,240,192,0,2,34,128,101,152,15,432,415,41,1110,883,32,579,476,0,345,8,81,228,392,1,0,1055,1046
27-047,007,311,212,1,2,64,223,105,94,36,524,486,41,1790,1549,86,903,778,2,774,2,262,325,320,0,0,1683,1681
27-048,006,351,193,1,1,50,102,124,236,32,545,512,41,1198,1039,32,858,585,2,337,3,130,292,683,0,0,1445,1442
27-049,005,1066,750,3,11,151,526,443,620,68,1819,1740,41,3930,3021,99,2517,1882,8,1580,30,455,891,1450,1,0,4407,4376
27-050,005,424,314,0,5,63,241,189,206,34,738,699,41,1417,1129,47,899,706,3,587,15,174,391,440,1,0,1608,1592
27-051,005,76,34,0,0,2,8,16,81,3,110,107,41,391,376,4,334,257,0,25,1,4,62,499,0,0,591,590
27-052,006,668,343,0,4,101,244,276,337,49,1011,958,41,3630,2907,70,1881,1521,2,1028,18,495,851,1007,5,0,3404,3381
27-053,006,309,163,0,0,50,98,131,162,31,472,441,40,2192,1679,32,1158,972,3,656,9,321,557,586,4,0,2133,2120
27-054,006,151,89,0,0,19,58,60,98,5,240,235,40,673,521,8,638,588,0,392,3,173,304,348,6,0,1226,1217
27-055,006,69,37,0,0,13,23,30,33,7,106,99,41,1070,812,11,297,230,0,149,3,91,147,137,0,0,527,524
27-056,006,196,101,0,0,30,65,82,103,17,297,280,41,1187,955,25,738,606,3,399,1,202,371,371,3,0,1347,1343
27-057,005,447,248,2,0,56,133,201,283,24,697,673,41,2687,2252,42,1509,1225,9,722,8,321,724,960,8,0,2743,2727
27-058,006,142,74,1,0,17,40,79,69,12,217,205,41,809,644,12,477,399,1,246,1,114,257,257,2,0,877,874
27-059,005,215,135,1,0,35,74,99,130,13,351,338,41,1180,967,35,565,542,2,321,10,153,279,346,0,0,1109,1099
27-060,005,483,298,0,1,73,164,208,289,46,781,734,41,2000,1599,53,1088,899,5,537,14,288,488,664,1,0,1992,1977
27-061,005,193,138,0,1,35,68,104,107,16,331,314,41,1071,834,35,554,431,0,268,3,154,257,301,2,0,985,980
27-062,005,557,358,1,2,92,168,187,424,43,916,871,41,3059,2357,140,1575,1218,7,655,7,332,503,1300,3,0,2800,2790
27-063,005,539,364,0,1,122,205,255,274,46,903,856,41,2616,1881,52,1483,1201,5,712,9,390,568,1007,2,1,2689,2677
27-064,005,493,437,4,6,179,256,223,222,48,934,880,41,2607,1835,63,1259,1124,8,866,17,511,472,525,0,0,2391,2374
27-065,005,814,541,1,5,227,269,252,542,61,1356,1290,41,4686,3477,96,2590,1933,5,1310,15,784,624,1795,0,0,4528,4513
27-066,005,673,527,6,3,200,269,253,421,60,1206,1143,41,3452,2484,119,1810,1446,15,942,13,545,561,1210,0,0,3271,3258
27-067,005,553,340,0,0,115,196,234,300,48,893,845,41,4007,2977,598,1587,1218,6,835,11,425,567,971,2,0,2811,2798
27-069,014,33,32,0,0,5,16,17,25,2,65,63,NA,NA,NA,NA,88,86,0,42,0,18,50,64,0,0,174,174
28-001,005,325,205,0,0,49,99,178,181,23,530,507,41,2006,1601,190,880,787,2,459,5,247,471,485,2,0,1669,1662
28-002,005,676,356,0,3,86,189,284,426,44,1032,985,41,2779,2353,66,1696,1237,3,668,12,348,698,1210,0,0,2936,2924
28-003,006,114,83,0,0,14,46,64,63,10,197,187,41,529,453,15,319,290,1,184,1,70,154,201,0,0,610,609
28-004,005,186,105,0,1,17,62,85,105,21,291,269,41,966,791,21,502,418,0,265,8,124,238,285,0,0,920,912
28-005,005,484,244,0,5,69,143,201,278,32,728,691,41,2141,1705,49,1201,893,2,587,13,317,503,676,0,0,2096,2083
28-006,008,676,390,0,0,101,228,294,392,51,1066,1015,41,3118,2479,73,1751,1437,4,922,5,477,740,1048,0,0,3192,3187
28-007,008,316,189,0,1,51,108,145,169,31,505,473,41,1488,1206,25,796,730,1,422,9,195,405,494,2,0,1527,1516
28-008,008,358,243,0,0,57,151,200,166,27,601,574,41,2121,1683,38,1042,865,0,610,4,313,481,495,4,0,1907,1899
28-009,008,406,253,0,0,94,141,185,203,36,659,623,41,3105,2478,90,1535,1108,3,829,5,483,605,720,4,0,2646,2637
28-010,008,652,335,0,0,107,187,291,344,58,987,929,41,2604,2125,36,1407,1082,2,703,4,359,670,753,2,0,2491,2485
28-011,008,596,345,1,2,90,224,268,312,46,942,894,41,2302,1869,45,1405,1138,1,706,10,324,636,865,3,0,2544,2531
28-012,008,430,278,0,1,83,181,214,198,31,708,676,41,2067,1725,52,1021,793,1,587,12,302,466,448,0,0,1815,1803
28-013,008,403,172,1,1,60,109,154,224,28,576,547,44,2004,1575,19,1246,847,2,503,4,313,452,822,1,0,2095,2090
28-014,008,127,82,0,0,16,41,88,56,8,209,201,44,901,710,20,343,313,2,199,3,109,208,139,0,0,658,655
28-015,008,434,294,0,1,98,206,179,201,43,728,684,41,2612,2082,100,1386,1115,0,853,8,432,586,622,0,0,2501,2493
03-001,012,120,91,0,0,24,62,52,58,15,211,196,46,1925,1373,168,690,798,6,556,1,186,427,319,5,0,1494,1488
03-002,012,95,82,0,0,20,60,58,27,12,177,165,46,1312,1085,42,404,717,1,470,4,144,362,139,3,0,1122,1115
03-003,001,400,356,1,0,123,217,178,186,53,757,704,46,3253,3053,218,1642,1721,5,1484,1,543,742,598,0,0,3368,3367
04-001,011,273,221,3,0,162,183,80,43,29,497,468,46,2622,2521,182,1382,1286,4,1117,5,733,387,430,0,0,2672,2667
04-002,011,284,228,2,1,154,176,105,42,36,514,477,40,4981,4694,323,2225,2224,8,2403,8,954,698,390,4,0,4457,4445
04-003,011,140,61,0,0,24,36,55,78,8,201,193,40,886,654,17,420,291,1,240,1,108,163,198,2,0,712,709
05-001,012,213,118,1,0,23,57,118,112,22,332,310,46,1764,1264,34,1015,1070,3,538,6,207,730,602,5,0,2088,2077
05-002,012,68,31,0,0,10,13,38,33,5,99,94,45,216,192,3,301,251,0,142,0,28,157,223,2,0,552,550
06-001,013,4,6,0,0,1,3,4,2,0,10,10,46,2478,1793,607,46,51,0,45,0,11,18,22,1,0,97,96
06-002,013,320,200,0,0,97,159,135,101,28,520,492,46,1380,1011,181,1287,1172,2,924,11,453,587,483,3,0,2461,2447
06-003,013,108,62,1,0,24,23,42,75,7,171,164,45,732,607,53,447,353,1,206,0,104,186,303,2,0,801,799
06-004,013,259,177,1,0,94,157,73,95,18,437,419,46,1893,1607,218,891,759,5,775,1,337,272,268,2,0,1655,1652
06-005,001,596,452,3,0,204,537,147,110,53,1051,998,46,3633,3004,468,1829,1697,8,1829,6,672,519,503,5,0,3534,3523
07-001,012,200,110,0,0,36,75,91,90,18,310,292,45,1795,1268,23,838,598,5,509,4,226,353,347,1,1,1441,1435
07-002,013,59,29,0,0,17,36,16,14,5,88,83,45,818,712,26,319,263,3,211,0,119,128,126,1,0,585,584
07-003,013,353,208,0,0,70,157,138,160,36,561,525,45,3023,2266,177,1439,1381,5,998,7,505,749,559,6,1,2825,2811
07-004,013,355,193,0,3,44,121,175,166,39,548,506,45,3196,2374,298,1386,1253,4,922,9,420,690,597,5,0,2643,2629
08-001,003,25,22,0,1,4,11,15,11,5,47,41,45,123,102,2,57,47,0,37,1,11,27,28,0,0,104,103
08-002,013,325,163,0,1,66,136,154,103,28,488,459,45,1874,1419,18,943,754,1,607,11,326,403,351,0,0,1698,1687
08-003,013,311,184,0,3,40,114,165,155,18,495,474,45,2246,1654,23,1116,925,3,707,10,325,522,480,0,0,2044,2034
08-004,014,71,35,0,0,14,20,29,37,6,106,100,45,524,386,1,290,237,1,153,2,76,134,163,0,0,528,526
08-005,012,267,161,0,0,38,80,151,135,24,428,404,45,1780,1439,29,1102,1069,2,604,7,278,594,687,3,0,2173,2163
08-006,012,479,279,1,0,78,191,207,247,36,759,723,45,2878,2248,55,1685,1553,3,974,3,455,830,976,3,0,3241,3235
08-007,013,205,135,0,0,40,74,114,87,25,340,315,45,1851,1371,61,1145,1062,3,655,4,282,672,595,2,0,2210,2204
08-008,003,302,244,0,0,55,188,143,131,29,546,517,43,1084,869,25,645,583,2,420,3,165,300,341,1,0,1230,1226
08-009,003,14,11,0,0,3,7,8,7,0,25,25,45,96,76,3,44,42,0,26,1,18,22,18,0,1,86,84
08-010,013,631,336,0,2,86,154,296,388,41,967,924,45,3652,2863,100,2099,1762,3,948,15,473,998,1421,9,0,3864,3840
08-011,013,65,56,0,0,9,17,41,49,5,121,116,45,666,529,26,303,337,0,169,1,66,176,226,2,0,640,637
09-001,004,150,83,0,1,33,67,73,45,14,233,218,43,928,744,7,473,363,1,292,4,166,212,162,1,0,837,832
09-002,004,216,148,3,0,52,104,100,91,20,367,347,43,1278,1067,23,723,616,4,431,2,188,355,363,4,0,1343,1337
09-003,014,334,227,0,1,84,192,117,136,31,561,529,43,1608,1333,53,922,771,2,645,6,273,368,401,2,0,1695,1687
09-004,014,768,442,2,2,100,335,242,482,51,1212,1159,43,2397,2064,58,1647,1226,4,884,13,303,549,1124,4,0,2877,2860
09-005,014,554,328,0,2,82,247,215,290,46,882,834,43,1893,1583,24,1237,941,2,683,9,277,492,719,0,0,2180,2171
09-006,014,720,430,0,2,109,273,318,385,63,1150,1085,43,2159,1788,46,1649,1360,0,919,11,425,702,948,4,0,3009,2994
09-007,014,294,178,0,0,40,119,134,150,29,472,443,43,2096,1633,46,787,727,0,484,4,220,355,450,1,0,1514,1509
09-008,014,279,169,0,1,32,96,150,147,22,448,425,43,1466,1150,27,1171,1126,3,716,10,332,631,604,7,0,2300,2283
09-009,014,207,100,1,0,32,69,109,88,10,308,298,43,1164,882,39,610,475,2,347,3,183,295,259,0,0,1087,1084
09-010,014,272,134,0,0,60,128,108,82,28,406,378,43,1666,1293,95,846,689,4,564,6,245,391,328,5,0,1539,1528
09-011,014,51,25,0,0,6,26,25,16,3,76,73,43,449,331,15,237,195,0,157,1,63,120,91,0,0,432,431
09-012,014,195,121,0,2,20,66,112,98,18,316,296,43,1856,1431,22,697,643,1,410,8,186,389,347,1,0,1341,1332
09-013,012,153,85,0,0,19,51,75,82,11,238,227,45,679,527,23,673,651,2,356,1,166,358,444,1,0,1326,1324
09-014,012,175,113,0,0,22,61,93,99,13,288,275,43,1724,1337,21,725,765,1,439,1,181,420,450,0,0,1491,1490
09-015,012,301,193,0,0,47,112,180,137,18,494,476,45,2455,1815,25,1286,1098,0,661,7,338,677,692,9,0,2384,2368
12-013,NA,NA,NA,NA,NA,NA,NA,NA,NA,NA,NA,NA,40,229,220,35,NA,NA,NA,NA,NA,NA,NA,NA,NA,NA,NA,NA
13-013,NA,NA,NA,NA,NA,NA,NA,NA,NA,NA,NA,NA,40,143,125,6,NA,NA,NA,NA,NA,NA,NA,NA,NA,NA,NA,NA
20-012,NA,NA,NA,NA,NA,NA,NA,NA,NA,NA,NA,NA,40,0,0,0,NA,NA,NA,NA,NA,NA,NA,NA,NA,NA,NA,NA
21-005,NA,NA,NA,NA,NA,NA,NA,NA,NA,NA,NA,NA,46,11,10,4,NA,NA,NA,NA,NA,NA,NA,NA,NA,NA,NA,NA
25-018,NA,NA,NA,NA,NA,NA,NA,NA,NA,NA,NA,NA,40,532,469,15,NA,NA,NA,NA,NA,NA,NA,NA,NA,NA,NA,NA
01-001,000,NA,NA,NA,NA,NA,NA,NA,NA,NA,NA,NA,NA,NA,NA,NA,1,0,0,1,0,0,0,0,0,0,1,1
