"","Leg_Dist_Precinct","Leg_Dist_Legislative","Leg_Dist_Voted_of_Registered_Adults","Leg_Dist_Voted_of_Adjusted_Total_Adults","Leg_Dist_Registered_of_Adjusted_Total_Adults","Leg_Dist_Hispanic_Latino_of_Total_Adjusted_Adults","Leg_Dist_Female_of_Voted","Leg_Dist_Male_of_Voted","Leg_Dist_UnknownSex_of_Voted","Leg_Dist_Ages16to17_of_Voted","Leg_Dist_Ages18to29_of_Voted","Leg_Dist_Ages30to49_of_Voted","Leg_Dist_Ages50to64_of_Voted","Leg_Dist_Ages65plus_of_Voted","Leg_Dist_UnknownAge_of_Voted","Leg_Dist_Female_of_Registered","Leg_Dist_Male_of_Registered","Leg_Dist_UnknownSex_of_Registered","Leg_Dist_Ages16to17_of_Registered","Leg_Dist_Ages18to29_of_Registered","Leg_Dist_Ages30to49_of_Registered","Leg_Dist_Ages50to64_of_Registered","Leg_Dist_Ages65plus_of_Registered","Leg_Dist_UnknownAge_of_Registered","Council_Dist_Councilmanic","Council_Dist_Voted_of_Registered_Adults","Council_Dist_Voted_of_Adjusted_Total_Adults","Council_Dist_Registered_of_Adjusted_Total_Adults","Council_Dist_Hispanic_Latino_of_Total_Adjusted_Adults","Council_Dist_Female_of_Voted","Council_Dist_Male_of_Voted","Council_Dist_UnknownSex_of_Voted","Council_Dist_Ages16to17_of_Voted","Council_Dist_Ages18to29_of_Voted","Council_Dist_Ages30to49_of_Voted","Council_Dist_Ages50to64_of_Voted","Council_Dist_Ages65plus_of_Voted","Council_Dist_UnknownAge_of_Voted","Council_Dist_Female_of_Registered","Council_Dist_Male_of_Registered","Council_Dist_UnknownSex_of_Registered","Council_Dist_Ages16to17_of_Registered","Council_Dist_Ages18to29_of_Registered","Council_Dist_Ages30to49_of_Registered","Council_Dist_Ages50to64_of_Registered","Council_Dist_Ages65plus_of_Registered","Council_Dist_UnknownAge_of_Registered","Council_Dist_Votes_by_Mail_Percent","Council_Dist_In_Person_Votes_Percent","Council_Dist_Provisional_Votes_Percent","Council_Dist_Number_of_Democrat_Candidates","Council_Dist_Number_of_Republican_Candidates"
"1","01-001",46,21.12,22.48,106.46,16.06,56.78,43.11,0.11,0.07,18.5,35.28,20.74,19.39,6.01,51.39,48.46,0.15,0.2,19.41,42.3,18.59,19.42,0.08,1,21.47,23.07,107.45,19.67,55.86,44.01,0.13,0.06,18.92,39.61,17.67,17.27,6.48,51.37,48.45,0.18,0.15,18.95,45.77,16.01,19.08,0.04,98.45,1.18,0.38,2,0
"2","01-002",46,21.12,22.48,106.46,16.06,56.78,43.11,0.11,0.07,18.5,35.28,20.74,19.39,6.01,51.39,48.46,0.15,0.2,19.41,42.3,18.59,19.42,0.08,1,21.47,23.07,107.45,19.67,55.86,44.01,0.13,0.06,18.92,39.61,17.67,17.27,6.48,51.37,48.45,0.18,0.15,18.95,45.77,16.01,19.08,0.04,98.45,1.18,0.38,2,0
"3","01-003",46,21.12,22.48,106.46,16.06,56.78,43.11,0.11,0.07,18.5,35.28,20.74,19.39,6.01,51.39,48.46,0.15,0.2,19.41,42.3,18.59,19.42,0.08,1,21.47,23.07,107.45,19.67,55.86,44.01,0.13,0.06,18.92,39.61,17.67,17.27,6.48,51.37,48.45,0.18,0.15,18.95,45.77,16.01,19.08,0.04,98.45,1.18,0.38,2,0
"4","01-004",46,21.12,22.48,106.46,16.06,56.78,43.11,0.11,0.07,18.5,35.28,20.74,19.39,6.01,51.39,48.46,0.15,0.2,19.41,42.3,18.59,19.42,0.08,1,21.47,23.07,107.45,19.67,55.86,44.01,0.13,0.06,18.92,39.61,17.67,17.27,6.48,51.37,48.45,0.18,0.15,18.95,45.77,16.01,19.08,0.04,98.45,1.18,0.38,2,0
"5","01-005",46,21.12,22.48,106.46,16.06,56.78,43.11,0.11,0.07,18.5,35.28,20.74,19.39,6.01,51.39,48.46,0.15,0.2,19.41,42.3,18.59,19.42,0.08,1,21.47,23.07,107.45,19.67,55.86,44.01,0.13,0.06,18.92,39.61,17.67,17.27,6.48,51.37,48.45,0.18,0.15,18.95,45.77,16.01,19.08,0.04,98.45,1.18,0.38,2,0
"6","02-001",46,21.12,22.48,106.46,16.06,56.78,43.11,0.11,0.07,18.5,35.28,20.74,19.39,6.01,51.39,48.46,0.15,0.2,19.41,42.3,18.59,19.42,0.08,13,23.58,26.77,113.55,9.84,63.93,35.98,0.09,0.19,12.15,25.32,29.5,27.24,5.61,54.29,45.58,0.13,0.34,16.28,33.57,25.19,24.47,0.14,97.03,2.53,0.44,7,0
"7","02-002",46,21.12,22.48,106.46,16.06,56.78,43.11,0.11,0.07,18.5,35.28,20.74,19.39,6.01,51.39,48.46,0.15,0.2,19.41,42.3,18.59,19.42,0.08,1,21.47,23.07,107.45,19.67,55.86,44.01,0.13,0.06,18.92,39.61,17.67,17.27,6.48,51.37,48.45,0.18,0.15,18.95,45.77,16.01,19.08,0.04,98.45,1.18,0.38,2,0
"8","02-003",46,21.12,22.48,106.46,16.06,56.78,43.11,0.11,0.07,18.5,35.28,20.74,19.39,6.01,51.39,48.46,0.15,0.2,19.41,42.3,18.59,19.42,0.08,1,21.47,23.07,107.45,19.67,55.86,44.01,0.13,0.06,18.92,39.61,17.67,17.27,6.48,51.37,48.45,0.18,0.15,18.95,45.77,16.01,19.08,0.04,98.45,1.18,0.38,2,0
"9","03-001",46,21.12,22.48,106.46,16.06,56.78,43.11,0.11,0.07,18.5,35.28,20.74,19.39,6.01,51.39,48.46,0.15,0.2,19.41,42.3,18.59,19.42,0.08,12,20.34,26.47,130.12,5.13,58.48,41.33,0.19,0.07,15.33,30.27,25.25,23.13,5.96,50.24,49.57,0.2,0.21,15.16,36.55,24.6,23.33,0.15,96.91,2.63,0.46,6,1
"10","03-002",46,21.12,22.48,106.46,16.06,56.78,43.11,0.11,0.07,18.5,35.28,20.74,19.39,6.01,51.39,48.46,0.15,0.2,19.41,42.3,18.59,19.42,0.08,12,20.34,26.47,130.12,5.13,58.48,41.33,0.19,0.07,15.33,30.27,25.25,23.13,5.96,50.24,49.57,0.2,0.21,15.16,36.55,24.6,23.33,0.15,96.91,2.63,0.46,6,1
"11","03-003",46,21.12,22.48,106.46,16.06,56.78,43.11,0.11,0.07,18.5,35.28,20.74,19.39,6.01,51.39,48.46,0.15,0.2,19.41,42.3,18.59,19.42,0.08,1,21.47,23.07,107.45,19.67,55.86,44.01,0.13,0.06,18.92,39.61,17.67,17.27,6.48,51.37,48.45,0.18,0.15,18.95,45.77,16.01,19.08,0.04,98.45,1.18,0.38,2,0
"12","04-001",46,21.12,22.48,106.46,16.06,56.78,43.11,0.11,0.07,18.5,35.28,20.74,19.39,6.01,51.39,48.46,0.15,0.2,19.41,42.3,18.59,19.42,0.08,11,21.41,25.87,120.81,4.88,55.88,43.98,0.14,0.13,19.37,31.66,20.87,22.31,5.65,51.62,48.21,0.17,0.19,20.64,42.16,17.62,19.31,0.07,97.82,1.91,0.28,1,0
"13","04-002",40,21.95,27.23,124.05,4.16,60.4,39.5,0.1,0.11,12.23,27.73,26.74,27.99,5.2,53.17,46.66,0.17,0.28,15.07,34.97,23.37,26.11,0.19,11,21.41,25.87,120.81,4.88,55.88,43.98,0.14,0.13,19.37,31.66,20.87,22.31,5.65,51.62,48.21,0.17,0.19,20.64,42.16,17.62,19.31,0.07,97.82,1.91,0.28,1,0
"14","04-003",40,21.95,27.23,124.05,4.16,60.4,39.5,0.1,0.11,12.23,27.73,26.74,27.99,5.2,53.17,46.66,0.17,0.28,15.07,34.97,23.37,26.11,0.19,11,21.41,25.87,120.81,4.88,55.88,43.98,0.14,0.13,19.37,31.66,20.87,22.31,5.65,51.62,48.21,0.17,0.19,20.64,42.16,17.62,19.31,0.07,97.82,1.91,0.28,1,0
"15","05-001",46,21.12,22.48,106.46,16.06,56.78,43.11,0.11,0.07,18.5,35.28,20.74,19.39,6.01,51.39,48.46,0.15,0.2,19.41,42.3,18.59,19.42,0.08,12,20.34,26.47,130.12,5.13,58.48,41.33,0.19,0.07,15.33,30.27,25.25,23.13,5.96,50.24,49.57,0.2,0.21,15.16,36.55,24.6,23.33,0.15,96.91,2.63,0.46,6,1
"16","05-002",45,27.18,32.19,118.41,4.89,62.37,37.56,0.07,0.16,11.34,27.58,29.54,25.83,5.55,54.25,45.63,0.12,0.4,15.66,33.73,25.16,24.94,0.1,12,20.34,26.47,130.12,5.13,58.48,41.33,0.19,0.07,15.33,30.27,25.25,23.13,5.96,50.24,49.57,0.2,0.21,15.16,36.55,24.6,23.33,0.15,96.91,2.63,0.46,6,1
"17","06-001",46,21.12,22.48,106.46,16.06,56.78,43.11,0.11,0.07,18.5,35.28,20.74,19.39,6.01,51.39,48.46,0.15,0.2,19.41,42.3,18.59,19.42,0.08,13,23.58,26.77,113.55,9.84,63.93,35.98,0.09,0.19,12.15,25.32,29.5,27.24,5.61,54.29,45.58,0.13,0.34,16.28,33.57,25.19,24.47,0.14,97.03,2.53,0.44,7,0
"18","06-002",46,21.12,22.48,106.46,16.06,56.78,43.11,0.11,0.07,18.5,35.28,20.74,19.39,6.01,51.39,48.46,0.15,0.2,19.41,42.3,18.59,19.42,0.08,13,23.58,26.77,113.55,9.84,63.93,35.98,0.09,0.19,12.15,25.32,29.5,27.24,5.61,54.29,45.58,0.13,0.34,16.28,33.57,25.19,24.47,0.14,97.03,2.53,0.44,7,0
"19","06-003",45,27.18,32.19,118.41,4.89,62.37,37.56,0.07,0.16,11.34,27.58,29.54,25.83,5.55,54.25,45.63,0.12,0.4,15.66,33.73,25.16,24.94,0.1,13,23.58,26.77,113.55,9.84,63.93,35.98,0.09,0.19,12.15,25.32,29.5,27.24,5.61,54.29,45.58,0.13,0.34,16.28,33.57,25.19,24.47,0.14,97.03,2.53,0.44,7,0
"20","06-004",46,21.12,22.48,106.46,16.06,56.78,43.11,0.11,0.07,18.5,35.28,20.74,19.39,6.01,51.39,48.46,0.15,0.2,19.41,42.3,18.59,19.42,0.08,13,23.58,26.77,113.55,9.84,63.93,35.98,0.09,0.19,12.15,25.32,29.5,27.24,5.61,54.29,45.58,0.13,0.34,16.28,33.57,25.19,24.47,0.14,97.03,2.53,0.44,7,0
"21","06-005",46,21.12,22.48,106.46,16.06,56.78,43.11,0.11,0.07,18.5,35.28,20.74,19.39,6.01,51.39,48.46,0.15,0.2,19.41,42.3,18.59,19.42,0.08,1,21.47,23.07,107.45,19.67,55.86,44.01,0.13,0.06,18.92,39.61,17.67,17.27,6.48,51.37,48.45,0.18,0.15,18.95,45.77,16.01,19.08,0.04,98.45,1.18,0.38,2,0
"22","07-001",45,27.18,32.19,118.41,4.89,62.37,37.56,0.07,0.16,11.34,27.58,29.54,25.83,5.55,54.25,45.63,0.12,0.4,15.66,33.73,25.16,24.94,0.1,12,20.34,26.47,130.12,5.13,58.48,41.33,0.19,0.07,15.33,30.27,25.25,23.13,5.96,50.24,49.57,0.2,0.21,15.16,36.55,24.6,23.33,0.15,96.91,2.63,0.46,6,1
"23","07-002",45,27.18,32.19,118.41,4.89,62.37,37.56,0.07,0.16,11.34,27.58,29.54,25.83,5.55,54.25,45.63,0.12,0.4,15.66,33.73,25.16,24.94,0.1,13,23.58,26.77,113.55,9.84,63.93,35.98,0.09,0.19,12.15,25.32,29.5,27.24,5.61,54.29,45.58,0.13,0.34,16.28,33.57,25.19,24.47,0.14,97.03,2.53,0.44,7,0
"24","07-003",45,27.18,32.19,118.41,4.89,62.37,37.56,0.07,0.16,11.34,27.58,29.54,25.83,5.55,54.25,45.63,0.12,0.4,15.66,33.73,25.16,24.94,0.1,13,23.58,26.77,113.55,9.84,63.93,35.98,0.09,0.19,12.15,25.32,29.5,27.24,5.61,54.29,45.58,0.13,0.34,16.28,33.57,25.19,24.47,0.14,97.03,2.53,0.44,7,0
"25","07-004",45,27.18,32.19,118.41,4.89,62.37,37.56,0.07,0.16,11.34,27.58,29.54,25.83,5.55,54.25,45.63,0.12,0.4,15.66,33.73,25.16,24.94,0.1,13,23.58,26.77,113.55,9.84,63.93,35.98,0.09,0.19,12.15,25.32,29.5,27.24,5.61,54.29,45.58,0.13,0.34,16.28,33.57,25.19,24.47,0.14,97.03,2.53,0.44,7,0
"26","08-001",45,27.18,32.19,118.41,4.89,62.37,37.56,0.07,0.16,11.34,27.58,29.54,25.83,5.55,54.25,45.63,0.12,0.4,15.66,33.73,25.16,24.94,0.1,3,33.59,38.84,115.64,3.41,61.52,38.42,0.06,0.19,10.54,30.44,26.86,26.84,5.13,55,44.9,0.09,0.48,14.97,33.84,23.72,26.92,0.07,97.21,2.43,0.37,3,1
"27","08-002",45,27.18,32.19,118.41,4.89,62.37,37.56,0.07,0.16,11.34,27.58,29.54,25.83,5.55,54.25,45.63,0.12,0.4,15.66,33.73,25.16,24.94,0.1,13,23.58,26.77,113.55,9.84,63.93,35.98,0.09,0.19,12.15,25.32,29.5,27.24,5.61,54.29,45.58,0.13,0.34,16.28,33.57,25.19,24.47,0.14,97.03,2.53,0.44,7,0
"28","08-003",45,27.18,32.19,118.41,4.89,62.37,37.56,0.07,0.16,11.34,27.58,29.54,25.83,5.55,54.25,45.63,0.12,0.4,15.66,33.73,25.16,24.94,0.1,13,23.58,26.77,113.55,9.84,63.93,35.98,0.09,0.19,12.15,25.32,29.5,27.24,5.61,54.29,45.58,0.13,0.34,16.28,33.57,25.19,24.47,0.14,97.03,2.53,0.44,7,0
"29","08-004",45,27.18,32.19,118.41,4.89,62.37,37.56,0.07,0.16,11.34,27.58,29.54,25.83,5.55,54.25,45.63,0.12,0.4,15.66,33.73,25.16,24.94,0.1,14,29.7,34.25,115.32,4.83,59.01,40.92,0.07,0.2,11.17,31,21.82,30.71,5.1,53.94,45.88,0.18,0.31,15.42,37.29,19.18,27.72,0.08,97.82,1.83,0.34,4,1
"30","08-005",45,27.18,32.19,118.41,4.89,62.37,37.56,0.07,0.16,11.34,27.58,29.54,25.83,5.55,54.25,45.63,0.12,0.4,15.66,33.73,25.16,24.94,0.1,12,20.34,26.47,130.12,5.13,58.48,41.33,0.19,0.07,15.33,30.27,25.25,23.13,5.96,50.24,49.57,0.2,0.21,15.16,36.55,24.6,23.33,0.15,96.91,2.63,0.46,6,1
"31","08-006",45,27.18,32.19,118.41,4.89,62.37,37.56,0.07,0.16,11.34,27.58,29.54,25.83,5.55,54.25,45.63,0.12,0.4,15.66,33.73,25.16,24.94,0.1,12,20.34,26.47,130.12,5.13,58.48,41.33,0.19,0.07,15.33,30.27,25.25,23.13,5.96,50.24,49.57,0.2,0.21,15.16,36.55,24.6,23.33,0.15,96.91,2.63,0.46,6,1
"32","08-007",45,27.18,32.19,118.41,4.89,62.37,37.56,0.07,0.16,11.34,27.58,29.54,25.83,5.55,54.25,45.63,0.12,0.4,15.66,33.73,25.16,24.94,0.1,13,23.58,26.77,113.55,9.84,63.93,35.98,0.09,0.19,12.15,25.32,29.5,27.24,5.61,54.29,45.58,0.13,0.34,16.28,33.57,25.19,24.47,0.14,97.03,2.53,0.44,7,0
"33","08-008",43,30.7,35.68,116.2,4.15,61.13,38.77,0.09,0.21,11.57,28.28,25.93,28.76,5.25,54.55,45.3,0.15,0.41,15.7,34.92,22.61,26.27,0.08,3,33.59,38.84,115.64,3.41,61.52,38.42,0.06,0.19,10.54,30.44,26.86,26.84,5.13,55,44.9,0.09,0.48,14.97,33.84,23.72,26.92,0.07,97.21,2.43,0.37,3,1
"34","08-009",45,27.18,32.19,118.41,4.89,62.37,37.56,0.07,0.16,11.34,27.58,29.54,25.83,5.55,54.25,45.63,0.12,0.4,15.66,33.73,25.16,24.94,0.1,3,33.59,38.84,115.64,3.41,61.52,38.42,0.06,0.19,10.54,30.44,26.86,26.84,5.13,55,44.9,0.09,0.48,14.97,33.84,23.72,26.92,0.07,97.21,2.43,0.37,3,1
"35","08-010",45,27.18,32.19,118.41,4.89,62.37,37.56,0.07,0.16,11.34,27.58,29.54,25.83,5.55,54.25,45.63,0.12,0.4,15.66,33.73,25.16,24.94,0.1,13,23.58,26.77,113.55,9.84,63.93,35.98,0.09,0.19,12.15,25.32,29.5,27.24,5.61,54.29,45.58,0.13,0.34,16.28,33.57,25.19,24.47,0.14,97.03,2.53,0.44,7,0
"36","08-011",45,27.18,32.19,118.41,4.89,62.37,37.56,0.07,0.16,11.34,27.58,29.54,25.83,5.55,54.25,45.63,0.12,0.4,15.66,33.73,25.16,24.94,0.1,13,23.58,26.77,113.55,9.84,63.93,35.98,0.09,0.19,12.15,25.32,29.5,27.24,5.61,54.29,45.58,0.13,0.34,16.28,33.57,25.19,24.47,0.14,97.03,2.53,0.44,7,0
"37","09-001",43,30.7,35.68,116.2,4.15,61.13,38.77,0.09,0.21,11.57,28.28,25.93,28.76,5.25,54.55,45.3,0.15,0.41,15.7,34.92,22.61,26.27,0.08,4,33.56,40.24,119.9,2.97,62.46,37.45,0.09,0.24,10.59,25.68,28.98,29.39,5.12,56.28,43.6,0.12,0.55,14.76,32.61,24.69,27.32,0.06,97.36,2.32,0.31,10,0
"38","09-002",43,30.7,35.68,116.2,4.15,61.13,38.77,0.09,0.21,11.57,28.28,25.93,28.76,5.25,54.55,45.3,0.15,0.41,15.7,34.92,22.61,26.27,0.08,4,33.56,40.24,119.9,2.97,62.46,37.45,0.09,0.24,10.59,25.68,28.98,29.39,5.12,56.28,43.6,0.12,0.55,14.76,32.61,24.69,27.32,0.06,97.36,2.32,0.31,10,0
"39","09-003",43,30.7,35.68,116.2,4.15,61.13,38.77,0.09,0.21,11.57,28.28,25.93,28.76,5.25,54.55,45.3,0.15,0.41,15.7,34.92,22.61,26.27,0.08,14,29.7,34.25,115.32,4.83,59.01,40.92,0.07,0.2,11.17,31,21.82,30.71,5.1,53.94,45.88,0.18,0.31,15.42,37.29,19.18,27.72,0.08,97.82,1.83,0.34,4,1
"40","09-004",43,30.7,35.68,116.2,4.15,61.13,38.77,0.09,0.21,11.57,28.28,25.93,28.76,5.25,54.55,45.3,0.15,0.41,15.7,34.92,22.61,26.27,0.08,14,29.7,34.25,115.32,4.83,59.01,40.92,0.07,0.2,11.17,31,21.82,30.71,5.1,53.94,45.88,0.18,0.31,15.42,37.29,19.18,27.72,0.08,97.82,1.83,0.34,4,1
"41","09-005",43,30.7,35.68,116.2,4.15,61.13,38.77,0.09,0.21,11.57,28.28,25.93,28.76,5.25,54.55,45.3,0.15,0.41,15.7,34.92,22.61,26.27,0.08,14,29.7,34.25,115.32,4.83,59.01,40.92,0.07,0.2,11.17,31,21.82,30.71,5.1,53.94,45.88,0.18,0.31,15.42,37.29,19.18,27.72,0.08,97.82,1.83,0.34,4,1
"42","09-006",43,30.7,35.68,116.2,4.15,61.13,38.77,0.09,0.21,11.57,28.28,25.93,28.76,5.25,54.55,45.3,0.15,0.41,15.7,34.92,22.61,26.27,0.08,14,29.7,34.25,115.32,4.83,59.01,40.92,0.07,0.2,11.17,31,21.82,30.71,5.1,53.94,45.88,0.18,0.31,15.42,37.29,19.18,27.72,0.08,97.82,1.83,0.34,4,1
"43","09-007",43,30.7,35.68,116.2,4.15,61.13,38.77,0.09,0.21,11.57,28.28,25.93,28.76,5.25,54.55,45.3,0.15,0.41,15.7,34.92,22.61,26.27,0.08,14,29.7,34.25,115.32,4.83,59.01,40.92,0.07,0.2,11.17,31,21.82,30.71,5.1,53.94,45.88,0.18,0.31,15.42,37.29,19.18,27.72,0.08,97.82,1.83,0.34,4,1
"44","09-008",43,30.7,35.68,116.2,4.15,61.13,38.77,0.09,0.21,11.57,28.28,25.93,28.76,5.25,54.55,45.3,0.15,0.41,15.7,34.92,22.61,26.27,0.08,14,29.7,34.25,115.32,4.83,59.01,40.92,0.07,0.2,11.17,31,21.82,30.71,5.1,53.94,45.88,0.18,0.31,15.42,37.29,19.18,27.72,0.08,97.82,1.83,0.34,4,1
"45","09-009",43,30.7,35.68,116.2,4.15,61.13,38.77,0.09,0.21,11.57,28.28,25.93,28.76,5.25,54.55,45.3,0.15,0.41,15.7,34.92,22.61,26.27,0.08,14,29.7,34.25,115.32,4.83,59.01,40.92,0.07,0.2,11.17,31,21.82,30.71,5.1,53.94,45.88,0.18,0.31,15.42,37.29,19.18,27.72,0.08,97.82,1.83,0.34,4,1
"46","09-010",43,30.7,35.68,116.2,4.15,61.13,38.77,0.09,0.21,11.57,28.28,25.93,28.76,5.25,54.55,45.3,0.15,0.41,15.7,34.92,22.61,26.27,0.08,14,29.7,34.25,115.32,4.83,59.01,40.92,0.07,0.2,11.17,31,21.82,30.71,5.1,53.94,45.88,0.18,0.31,15.42,37.29,19.18,27.72,0.08,97.82,1.83,0.34,4,1
"47","09-011",43,30.7,35.68,116.2,4.15,61.13,38.77,0.09,0.21,11.57,28.28,25.93,28.76,5.25,54.55,45.3,0.15,0.41,15.7,34.92,22.61,26.27,0.08,14,29.7,34.25,115.32,4.83,59.01,40.92,0.07,0.2,11.17,31,21.82,30.71,5.1,53.94,45.88,0.18,0.31,15.42,37.29,19.18,27.72,0.08,97.82,1.83,0.34,4,1
"48","09-012",43,30.7,35.68,116.2,4.15,61.13,38.77,0.09,0.21,11.57,28.28,25.93,28.76,5.25,54.55,45.3,0.15,0.41,15.7,34.92,22.61,26.27,0.08,14,29.7,34.25,115.32,4.83,59.01,40.92,0.07,0.2,11.17,31,21.82,30.71,5.1,53.94,45.88,0.18,0.31,15.42,37.29,19.18,27.72,0.08,97.82,1.83,0.34,4,1
"49","09-013",45,27.18,32.19,118.41,4.89,62.37,37.56,0.07,0.16,11.34,27.58,29.54,25.83,5.55,54.25,45.63,0.12,0.4,15.66,33.73,25.16,24.94,0.1,12,20.34,26.47,130.12,5.13,58.48,41.33,0.19,0.07,15.33,30.27,25.25,23.13,5.96,50.24,49.57,0.2,0.21,15.16,36.55,24.6,23.33,0.15,96.91,2.63,0.46,6,1
"50","09-014",43,30.7,35.68,116.2,4.15,61.13,38.77,0.09,0.21,11.57,28.28,25.93,28.76,5.25,54.55,45.3,0.15,0.41,15.7,34.92,22.61,26.27,0.08,12,20.34,26.47,130.12,5.13,58.48,41.33,0.19,0.07,15.33,30.27,25.25,23.13,5.96,50.24,49.57,0.2,0.21,15.16,36.55,24.6,23.33,0.15,96.91,2.63,0.46,6,1
"51","09-015",45,27.18,32.19,118.41,4.89,62.37,37.56,0.07,0.16,11.34,27.58,29.54,25.83,5.55,54.25,45.63,0.12,0.4,15.66,33.73,25.16,24.94,0.1,12,20.34,26.47,130.12,5.13,58.48,41.33,0.19,0.07,15.33,30.27,25.25,23.13,5.96,50.24,49.57,0.2,0.21,15.16,36.55,24.6,23.33,0.15,96.91,2.63,0.46,6,1
"52","10-001",45,27.18,32.19,118.41,4.89,62.37,37.56,0.07,0.16,11.34,27.58,29.54,25.83,5.55,54.25,45.63,0.12,0.4,15.66,33.73,25.16,24.94,0.1,12,20.34,26.47,130.12,5.13,58.48,41.33,0.19,0.07,15.33,30.27,25.25,23.13,5.96,50.24,49.57,0.2,0.21,15.16,36.55,24.6,23.33,0.15,96.91,2.63,0.46,6,1
"53","10-002",45,27.18,32.19,118.41,4.89,62.37,37.56,0.07,0.16,11.34,27.58,29.54,25.83,5.55,54.25,45.63,0.12,0.4,15.66,33.73,25.16,24.94,0.1,12,20.34,26.47,130.12,5.13,58.48,41.33,0.19,0.07,15.33,30.27,25.25,23.13,5.96,50.24,49.57,0.2,0.21,15.16,36.55,24.6,23.33,0.15,96.91,2.63,0.46,6,1
"54","10-003",46,21.12,22.48,106.46,16.06,56.78,43.11,0.11,0.07,18.5,35.28,20.74,19.39,6.01,51.39,48.46,0.15,0.2,19.41,42.3,18.59,19.42,0.08,12,20.34,26.47,130.12,5.13,58.48,41.33,0.19,0.07,15.33,30.27,25.25,23.13,5.96,50.24,49.57,0.2,0.21,15.16,36.55,24.6,23.33,0.15,96.91,2.63,0.46,6,1
"55","10-004",45,27.18,32.19,118.41,4.89,62.37,37.56,0.07,0.16,11.34,27.58,29.54,25.83,5.55,54.25,45.63,0.12,0.4,15.66,33.73,25.16,24.94,0.1,12,20.34,26.47,130.12,5.13,58.48,41.33,0.19,0.07,15.33,30.27,25.25,23.13,5.96,50.24,49.57,0.2,0.21,15.16,36.55,24.6,23.33,0.15,96.91,2.63,0.46,6,1
"56","11-001",45,27.18,32.19,118.41,4.89,62.37,37.56,0.07,0.16,11.34,27.58,29.54,25.83,5.55,54.25,45.63,0.12,0.4,15.66,33.73,25.16,24.94,0.1,12,20.34,26.47,130.12,5.13,58.48,41.33,0.19,0.07,15.33,30.27,25.25,23.13,5.96,50.24,49.57,0.2,0.21,15.16,36.55,24.6,23.33,0.15,96.91,2.63,0.46,6,1
"57","11-002",45,27.18,32.19,118.41,4.89,62.37,37.56,0.07,0.16,11.34,27.58,29.54,25.83,5.55,54.25,45.63,0.12,0.4,15.66,33.73,25.16,24.94,0.1,11,21.41,25.87,120.81,4.88,55.88,43.98,0.14,0.13,19.37,31.66,20.87,22.31,5.65,51.62,48.21,0.17,0.19,20.64,42.16,17.62,19.31,0.07,97.82,1.91,0.28,1,0
"58","11-003",40,21.95,27.23,124.05,4.16,60.4,39.5,0.1,0.11,12.23,27.73,26.74,27.99,5.2,53.17,46.66,0.17,0.28,15.07,34.97,23.37,26.11,0.19,11,21.41,25.87,120.81,4.88,55.88,43.98,0.14,0.13,19.37,31.66,20.87,22.31,5.65,51.62,48.21,0.17,0.19,20.64,42.16,17.62,19.31,0.07,97.82,1.91,0.28,1,0
"59","11-004",44,22.97,28.74,125.09,2.59,63.49,36.37,0.14,0.15,10.37,23.7,30.86,29.94,4.98,54.19,45.66,0.15,0.34,14.95,30.79,25.78,27.92,0.21,11,21.41,25.87,120.81,4.88,55.88,43.98,0.14,0.13,19.37,31.66,20.87,22.31,5.65,51.62,48.21,0.17,0.19,20.64,42.16,17.62,19.31,0.07,97.82,1.91,0.28,1,0
"60","11-005",40,21.95,27.23,124.05,4.16,60.4,39.5,0.1,0.11,12.23,27.73,26.74,27.99,5.2,53.17,46.66,0.17,0.28,15.07,34.97,23.37,26.11,0.19,11,21.41,25.87,120.81,4.88,55.88,43.98,0.14,0.13,19.37,31.66,20.87,22.31,5.65,51.62,48.21,0.17,0.19,20.64,42.16,17.62,19.31,0.07,97.82,1.91,0.28,1,0
"61","11-006",40,21.95,27.23,124.05,4.16,60.4,39.5,0.1,0.11,12.23,27.73,26.74,27.99,5.2,53.17,46.66,0.17,0.28,15.07,34.97,23.37,26.11,0.19,11,21.41,25.87,120.81,4.88,55.88,43.98,0.14,0.13,19.37,31.66,20.87,22.31,5.65,51.62,48.21,0.17,0.19,20.64,42.16,17.62,19.31,0.07,97.82,1.91,0.28,1,0
"62","11-007",45,27.18,32.19,118.41,4.89,62.37,37.56,0.07,0.16,11.34,27.58,29.54,25.83,5.55,54.25,45.63,0.12,0.4,15.66,33.73,25.16,24.94,0.1,12,20.34,26.47,130.12,5.13,58.48,41.33,0.19,0.07,15.33,30.27,25.25,23.13,5.96,50.24,49.57,0.2,0.21,15.16,36.55,24.6,23.33,0.15,96.91,2.63,0.46,6,1
"63","12-001",43,30.7,35.68,116.2,4.15,61.13,38.77,0.09,0.21,11.57,28.28,25.93,28.76,5.25,54.55,45.3,0.15,0.41,15.7,34.92,22.61,26.27,0.08,14,29.7,34.25,115.32,4.83,59.01,40.92,0.07,0.2,11.17,31,21.82,30.71,5.1,53.94,45.88,0.18,0.31,15.42,37.29,19.18,27.72,0.08,97.82,1.83,0.34,4,1
"64","12-002",43,30.7,35.68,116.2,4.15,61.13,38.77,0.09,0.21,11.57,28.28,25.93,28.76,5.25,54.55,45.3,0.15,0.41,15.7,34.92,22.61,26.27,0.08,14,29.7,34.25,115.32,4.83,59.01,40.92,0.07,0.2,11.17,31,21.82,30.71,5.1,53.94,45.88,0.18,0.31,15.42,37.29,19.18,27.72,0.08,97.82,1.83,0.34,4,1
"65","12-003",43,30.7,35.68,116.2,4.15,61.13,38.77,0.09,0.21,11.57,28.28,25.93,28.76,5.25,54.55,45.3,0.15,0.41,15.7,34.92,22.61,26.27,0.08,14,29.7,34.25,115.32,4.83,59.01,40.92,0.07,0.2,11.17,31,21.82,30.71,5.1,53.94,45.88,0.18,0.31,15.42,37.29,19.18,27.72,0.08,97.82,1.83,0.34,4,1
"66","12-004",43,30.7,35.68,116.2,4.15,61.13,38.77,0.09,0.21,11.57,28.28,25.93,28.76,5.25,54.55,45.3,0.15,0.41,15.7,34.92,22.61,26.27,0.08,14,29.7,34.25,115.32,4.83,59.01,40.92,0.07,0.2,11.17,31,21.82,30.71,5.1,53.94,45.88,0.18,0.31,15.42,37.29,19.18,27.72,0.08,97.82,1.83,0.34,4,1
"67","12-005",43,30.7,35.68,116.2,4.15,61.13,38.77,0.09,0.21,11.57,28.28,25.93,28.76,5.25,54.55,45.3,0.15,0.41,15.7,34.92,22.61,26.27,0.08,14,29.7,34.25,115.32,4.83,59.01,40.92,0.07,0.2,11.17,31,21.82,30.71,5.1,53.94,45.88,0.18,0.31,15.42,37.29,19.18,27.72,0.08,97.82,1.83,0.34,4,1
"68","12-006",43,30.7,35.68,116.2,4.15,61.13,38.77,0.09,0.21,11.57,28.28,25.93,28.76,5.25,54.55,45.3,0.15,0.41,15.7,34.92,22.61,26.27,0.08,14,29.7,34.25,115.32,4.83,59.01,40.92,0.07,0.2,11.17,31,21.82,30.71,5.1,53.94,45.88,0.18,0.31,15.42,37.29,19.18,27.72,0.08,97.82,1.83,0.34,4,1
"69","12-007",43,30.7,35.68,116.2,4.15,61.13,38.77,0.09,0.21,11.57,28.28,25.93,28.76,5.25,54.55,45.3,0.15,0.41,15.7,34.92,22.61,26.27,0.08,12,20.34,26.47,130.12,5.13,58.48,41.33,0.19,0.07,15.33,30.27,25.25,23.13,5.96,50.24,49.57,0.2,0.21,15.16,36.55,24.6,23.33,0.15,96.91,2.63,0.46,6,1
"70","12-008",43,30.7,35.68,116.2,4.15,61.13,38.77,0.09,0.21,11.57,28.28,25.93,28.76,5.25,54.55,45.3,0.15,0.41,15.7,34.92,22.61,26.27,0.08,12,20.34,26.47,130.12,5.13,58.48,41.33,0.19,0.07,15.33,30.27,25.25,23.13,5.96,50.24,49.57,0.2,0.21,15.16,36.55,24.6,23.33,0.15,96.91,2.63,0.46,6,1
"71","12-009",43,30.7,35.68,116.2,4.15,61.13,38.77,0.09,0.21,11.57,28.28,25.93,28.76,5.25,54.55,45.3,0.15,0.41,15.7,34.92,22.61,26.27,0.08,12,20.34,26.47,130.12,5.13,58.48,41.33,0.19,0.07,15.33,30.27,25.25,23.13,5.96,50.24,49.57,0.2,0.21,15.16,36.55,24.6,23.33,0.15,96.91,2.63,0.46,6,1
"72","12-010",43,30.7,35.68,116.2,4.15,61.13,38.77,0.09,0.21,11.57,28.28,25.93,28.76,5.25,54.55,45.3,0.15,0.41,15.7,34.92,22.61,26.27,0.08,12,20.34,26.47,130.12,5.13,58.48,41.33,0.19,0.07,15.33,30.27,25.25,23.13,5.96,50.24,49.57,0.2,0.21,15.16,36.55,24.6,23.33,0.15,96.91,2.63,0.46,6,1
"73","12-011",43,30.7,35.68,116.2,4.15,61.13,38.77,0.09,0.21,11.57,28.28,25.93,28.76,5.25,54.55,45.3,0.15,0.41,15.7,34.92,22.61,26.27,0.08,12,20.34,26.47,130.12,5.13,58.48,41.33,0.19,0.07,15.33,30.27,25.25,23.13,5.96,50.24,49.57,0.2,0.21,15.16,36.55,24.6,23.33,0.15,96.91,2.63,0.46,6,1
"74","12-012",45,27.18,32.19,118.41,4.89,62.37,37.56,0.07,0.16,11.34,27.58,29.54,25.83,5.55,54.25,45.63,0.12,0.4,15.66,33.73,25.16,24.94,0.1,12,20.34,26.47,130.12,5.13,58.48,41.33,0.19,0.07,15.33,30.27,25.25,23.13,5.96,50.24,49.57,0.2,0.21,15.16,36.55,24.6,23.33,0.15,96.91,2.63,0.46,6,1
"75","12-013",40,21.95,27.23,124.05,4.16,60.4,39.5,0.1,0.11,12.23,27.73,26.74,27.99,5.2,53.17,46.66,0.17,0.28,15.07,34.97,23.37,26.11,0.19,NA,NA,NA,NA,NA,NA,NA,NA,NA,NA,NA,NA,NA,NA,NA,NA,NA,NA,NA,NA,NA,NA,NA,NA,NA,NA,NA,NA
"76","13-001",41,31.37,37.29,118.87,3.85,61.35,38.57,0.08,0.26,10.46,22.92,26.66,34.77,4.93,55.3,44.57,0.13,0.43,13.96,29.02,22.95,33.54,0.09,14,29.7,34.25,115.32,4.83,59.01,40.92,0.07,0.2,11.17,31,21.82,30.71,5.1,53.94,45.88,0.18,0.31,15.42,37.29,19.18,27.72,0.08,97.82,1.83,0.34,4,1
"77","13-002",40,21.95,27.23,124.05,4.16,60.4,39.5,0.1,0.11,12.23,27.73,26.74,27.99,5.2,53.17,46.66,0.17,0.28,15.07,34.97,23.37,26.11,0.19,14,29.7,34.25,115.32,4.83,59.01,40.92,0.07,0.2,11.17,31,21.82,30.71,5.1,53.94,45.88,0.18,0.31,15.42,37.29,19.18,27.72,0.08,97.82,1.83,0.34,4,1
"78","13-003",40,21.95,27.23,124.05,4.16,60.4,39.5,0.1,0.11,12.23,27.73,26.74,27.99,5.2,53.17,46.66,0.17,0.28,15.07,34.97,23.37,26.11,0.19,7,25.29,32.39,128.11,2.47,61.28,38.62,0.09,0.12,11.31,28.75,27.48,27.12,5.23,53.41,46.44,0.15,0.32,14.31,33.38,24.92,26.84,0.24,96.82,2.69,0.48,5,1
"79","13-004",40,21.95,27.23,124.05,4.16,60.4,39.5,0.1,0.11,12.23,27.73,26.74,27.99,5.2,53.17,46.66,0.17,0.28,15.07,34.97,23.37,26.11,0.19,7,25.29,32.39,128.11,2.47,61.28,38.62,0.09,0.12,11.31,28.75,27.48,27.12,5.23,53.41,46.44,0.15,0.32,14.31,33.38,24.92,26.84,0.24,96.82,2.69,0.48,5,1
"80","13-005",40,21.95,27.23,124.05,4.16,60.4,39.5,0.1,0.11,12.23,27.73,26.74,27.99,5.2,53.17,46.66,0.17,0.28,15.07,34.97,23.37,26.11,0.19,7,25.29,32.39,128.11,2.47,61.28,38.62,0.09,0.12,11.31,28.75,27.48,27.12,5.23,53.41,46.44,0.15,0.32,14.31,33.38,24.92,26.84,0.24,96.82,2.69,0.48,5,1
"81","13-006",40,21.95,27.23,124.05,4.16,60.4,39.5,0.1,0.11,12.23,27.73,26.74,27.99,5.2,53.17,46.66,0.17,0.28,15.07,34.97,23.37,26.11,0.19,7,25.29,32.39,128.11,2.47,61.28,38.62,0.09,0.12,11.31,28.75,27.48,27.12,5.23,53.41,46.44,0.15,0.32,14.31,33.38,24.92,26.84,0.24,96.82,2.69,0.48,5,1
"82","13-007",40,21.95,27.23,124.05,4.16,60.4,39.5,0.1,0.11,12.23,27.73,26.74,27.99,5.2,53.17,46.66,0.17,0.28,15.07,34.97,23.37,26.11,0.19,7,25.29,32.39,128.11,2.47,61.28,38.62,0.09,0.12,11.31,28.75,27.48,27.12,5.23,53.41,46.44,0.15,0.32,14.31,33.38,24.92,26.84,0.24,96.82,2.69,0.48,5,1
"83","13-008",40,21.95,27.23,124.05,4.16,60.4,39.5,0.1,0.11,12.23,27.73,26.74,27.99,5.2,53.17,46.66,0.17,0.28,15.07,34.97,23.37,26.11,0.19,7,25.29,32.39,128.11,2.47,61.28,38.62,0.09,0.12,11.31,28.75,27.48,27.12,5.23,53.41,46.44,0.15,0.32,14.31,33.38,24.92,26.84,0.24,96.82,2.69,0.48,5,1
"84","13-009",40,21.95,27.23,124.05,4.16,60.4,39.5,0.1,0.11,12.23,27.73,26.74,27.99,5.2,53.17,46.66,0.17,0.28,15.07,34.97,23.37,26.11,0.19,7,25.29,32.39,128.11,2.47,61.28,38.62,0.09,0.12,11.31,28.75,27.48,27.12,5.23,53.41,46.44,0.15,0.32,14.31,33.38,24.92,26.84,0.24,96.82,2.69,0.48,5,1
"85","13-010",40,21.95,27.23,124.05,4.16,60.4,39.5,0.1,0.11,12.23,27.73,26.74,27.99,5.2,53.17,46.66,0.17,0.28,15.07,34.97,23.37,26.11,0.19,7,25.29,32.39,128.11,2.47,61.28,38.62,0.09,0.12,11.31,28.75,27.48,27.12,5.23,53.41,46.44,0.15,0.32,14.31,33.38,24.92,26.84,0.24,96.82,2.69,0.48,5,1
"86","13-011",43,30.7,35.68,116.2,4.15,61.13,38.77,0.09,0.21,11.57,28.28,25.93,28.76,5.25,54.55,45.3,0.15,0.41,15.7,34.92,22.61,26.27,0.08,14,29.7,34.25,115.32,4.83,59.01,40.92,0.07,0.2,11.17,31,21.82,30.71,5.1,53.94,45.88,0.18,0.31,15.42,37.29,19.18,27.72,0.08,97.82,1.83,0.34,4,1
"87","13-012",40,21.95,27.23,124.05,4.16,60.4,39.5,0.1,0.11,12.23,27.73,26.74,27.99,5.2,53.17,46.66,0.17,0.28,15.07,34.97,23.37,26.11,0.19,14,29.7,34.25,115.32,4.83,59.01,40.92,0.07,0.2,11.17,31,21.82,30.71,5.1,53.94,45.88,0.18,0.31,15.42,37.29,19.18,27.72,0.08,97.82,1.83,0.34,4,1
"88","13-013",40,21.95,27.23,124.05,4.16,60.4,39.5,0.1,0.11,12.23,27.73,26.74,27.99,5.2,53.17,46.66,0.17,0.28,15.07,34.97,23.37,26.11,0.19,NA,NA,NA,NA,NA,NA,NA,NA,NA,NA,NA,NA,NA,NA,NA,NA,NA,NA,NA,NA,NA,NA,NA,NA,NA,NA,NA,NA
"89","14-001",40,21.95,27.23,124.05,4.16,60.4,39.5,0.1,0.11,12.23,27.73,26.74,27.99,5.2,53.17,46.66,0.17,0.28,15.07,34.97,23.37,26.11,0.19,11,21.41,25.87,120.81,4.88,55.88,43.98,0.14,0.13,19.37,31.66,20.87,22.31,5.65,51.62,48.21,0.17,0.19,20.64,42.16,17.62,19.31,0.07,97.82,1.91,0.28,1,0
"90","14-002",40,21.95,27.23,124.05,4.16,60.4,39.5,0.1,0.11,12.23,27.73,26.74,27.99,5.2,53.17,46.66,0.17,0.28,15.07,34.97,23.37,26.11,0.19,11,21.41,25.87,120.81,4.88,55.88,43.98,0.14,0.13,19.37,31.66,20.87,22.31,5.65,51.62,48.21,0.17,0.19,20.64,42.16,17.62,19.31,0.07,97.82,1.91,0.28,1,0
"91","14-003",44,22.97,28.74,125.09,2.59,63.49,36.37,0.14,0.15,10.37,23.7,30.86,29.94,4.98,54.19,45.66,0.15,0.34,14.95,30.79,25.78,27.92,0.21,11,21.41,25.87,120.81,4.88,55.88,43.98,0.14,0.13,19.37,31.66,20.87,22.31,5.65,51.62,48.21,0.17,0.19,20.64,42.16,17.62,19.31,0.07,97.82,1.91,0.28,1,0
"92","14-004",44,22.97,28.74,125.09,2.59,63.49,36.37,0.14,0.15,10.37,23.7,30.86,29.94,4.98,54.19,45.66,0.15,0.34,14.95,30.79,25.78,27.92,0.21,11,21.41,25.87,120.81,4.88,55.88,43.98,0.14,0.13,19.37,31.66,20.87,22.31,5.65,51.62,48.21,0.17,0.19,20.64,42.16,17.62,19.31,0.07,97.82,1.91,0.28,1,0
"93","14-005",40,21.95,27.23,124.05,4.16,60.4,39.5,0.1,0.11,12.23,27.73,26.74,27.99,5.2,53.17,46.66,0.17,0.28,15.07,34.97,23.37,26.11,0.19,7,25.29,32.39,128.11,2.47,61.28,38.62,0.09,0.12,11.31,28.75,27.48,27.12,5.23,53.41,46.44,0.15,0.32,14.31,33.38,24.92,26.84,0.24,96.82,2.69,0.48,5,1
"94","15-001",41,31.37,37.29,118.87,3.85,61.35,38.57,0.08,0.26,10.46,22.92,26.66,34.77,4.93,55.3,44.57,0.13,0.43,13.96,29.02,22.95,33.54,0.09,6,28.3,33.31,117.7,3.06,62.96,37,0.04,0.17,9.24,22.49,27.81,35.46,4.83,54.51,45.38,0.1,0.39,13.04,28.72,25.36,32.35,0.13,96.44,3.19,0.37,3,1
"95","15-002",41,31.37,37.29,118.87,3.85,61.35,38.57,0.08,0.26,10.46,22.92,26.66,34.77,4.93,55.3,44.57,0.13,0.43,13.96,29.02,22.95,33.54,0.09,6,28.3,33.31,117.7,3.06,62.96,37,0.04,0.17,9.24,22.49,27.81,35.46,4.83,54.51,45.38,0.1,0.39,13.04,28.72,25.36,32.35,0.13,96.44,3.19,0.37,3,1
"96","15-003",41,31.37,37.29,118.87,3.85,61.35,38.57,0.08,0.26,10.46,22.92,26.66,34.77,4.93,55.3,44.57,0.13,0.43,13.96,29.02,22.95,33.54,0.09,6,28.3,33.31,117.7,3.06,62.96,37,0.04,0.17,9.24,22.49,27.81,35.46,4.83,54.51,45.38,0.1,0.39,13.04,28.72,25.36,32.35,0.13,96.44,3.19,0.37,3,1
"97","15-004",40,21.95,27.23,124.05,4.16,60.4,39.5,0.1,0.11,12.23,27.73,26.74,27.99,5.2,53.17,46.66,0.17,0.28,15.07,34.97,23.37,26.11,0.19,6,28.3,33.31,117.7,3.06,62.96,37,0.04,0.17,9.24,22.49,27.81,35.46,4.83,54.51,45.38,0.1,0.39,13.04,28.72,25.36,32.35,0.13,96.44,3.19,0.37,3,1
"98","15-005",40,21.95,27.23,124.05,4.16,60.4,39.5,0.1,0.11,12.23,27.73,26.74,27.99,5.2,53.17,46.66,0.17,0.28,15.07,34.97,23.37,26.11,0.19,7,25.29,32.39,128.11,2.47,61.28,38.62,0.09,0.12,11.31,28.75,27.48,27.12,5.23,53.41,46.44,0.15,0.32,14.31,33.38,24.92,26.84,0.24,96.82,2.69,0.48,5,1
"99","15-006",40,21.95,27.23,124.05,4.16,60.4,39.5,0.1,0.11,12.23,27.73,26.74,27.99,5.2,53.17,46.66,0.17,0.28,15.07,34.97,23.37,26.11,0.19,7,25.29,32.39,128.11,2.47,61.28,38.62,0.09,0.12,11.31,28.75,27.48,27.12,5.23,53.41,46.44,0.15,0.32,14.31,33.38,24.92,26.84,0.24,96.82,2.69,0.48,5,1
"100","15-007",41,31.37,37.29,118.87,3.85,61.35,38.57,0.08,0.26,10.46,22.92,26.66,34.77,4.93,55.3,44.57,0.13,0.43,13.96,29.02,22.95,33.54,0.09,7,25.29,32.39,128.11,2.47,61.28,38.62,0.09,0.12,11.31,28.75,27.48,27.12,5.23,53.41,46.44,0.15,0.32,14.31,33.38,24.92,26.84,0.24,96.82,2.69,0.48,5,1
"101","15-008",41,31.37,37.29,118.87,3.85,61.35,38.57,0.08,0.26,10.46,22.92,26.66,34.77,4.93,55.3,44.57,0.13,0.43,13.96,29.02,22.95,33.54,0.09,6,28.3,33.31,117.7,3.06,62.96,37,0.04,0.17,9.24,22.49,27.81,35.46,4.83,54.51,45.38,0.1,0.39,13.04,28.72,25.36,32.35,0.13,96.44,3.19,0.37,3,1
"102","15-009",41,31.37,37.29,118.87,3.85,61.35,38.57,0.08,0.26,10.46,22.92,26.66,34.77,4.93,55.3,44.57,0.13,0.43,13.96,29.02,22.95,33.54,0.09,6,28.3,33.31,117.7,3.06,62.96,37,0.04,0.17,9.24,22.49,27.81,35.46,4.83,54.51,45.38,0.1,0.39,13.04,28.72,25.36,32.35,0.13,96.44,3.19,0.37,3,1
"103","15-010",41,31.37,37.29,118.87,3.85,61.35,38.57,0.08,0.26,10.46,22.92,26.66,34.77,4.93,55.3,44.57,0.13,0.43,13.96,29.02,22.95,33.54,0.09,6,28.3,33.31,117.7,3.06,62.96,37,0.04,0.17,9.24,22.49,27.81,35.46,4.83,54.51,45.38,0.1,0.39,13.04,28.72,25.36,32.35,0.13,96.44,3.19,0.37,3,1
"104","15-011",41,31.37,37.29,118.87,3.85,61.35,38.57,0.08,0.26,10.46,22.92,26.66,34.77,4.93,55.3,44.57,0.13,0.43,13.96,29.02,22.95,33.54,0.09,7,25.29,32.39,128.11,2.47,61.28,38.62,0.09,0.12,11.31,28.75,27.48,27.12,5.23,53.41,46.44,0.15,0.32,14.31,33.38,24.92,26.84,0.24,96.82,2.69,0.48,5,1
"105","15-012",41,31.37,37.29,118.87,3.85,61.35,38.57,0.08,0.26,10.46,22.92,26.66,34.77,4.93,55.3,44.57,0.13,0.43,13.96,29.02,22.95,33.54,0.09,7,25.29,32.39,128.11,2.47,61.28,38.62,0.09,0.12,11.31,28.75,27.48,27.12,5.23,53.41,46.44,0.15,0.32,14.31,33.38,24.92,26.84,0.24,96.82,2.69,0.48,5,1
"106","15-013",40,21.95,27.23,124.05,4.16,60.4,39.5,0.1,0.11,12.23,27.73,26.74,27.99,5.2,53.17,46.66,0.17,0.28,15.07,34.97,23.37,26.11,0.19,7,25.29,32.39,128.11,2.47,61.28,38.62,0.09,0.12,11.31,28.75,27.48,27.12,5.23,53.41,46.44,0.15,0.32,14.31,33.38,24.92,26.84,0.24,96.82,2.69,0.48,5,1
"107","15-014",40,21.95,27.23,124.05,4.16,60.4,39.5,0.1,0.11,12.23,27.73,26.74,27.99,5.2,53.17,46.66,0.17,0.28,15.07,34.97,23.37,26.11,0.19,7,25.29,32.39,128.11,2.47,61.28,38.62,0.09,0.12,11.31,28.75,27.48,27.12,5.23,53.41,46.44,0.15,0.32,14.31,33.38,24.92,26.84,0.24,96.82,2.69,0.48,5,1
"108","15-015",40,21.95,27.23,124.05,4.16,60.4,39.5,0.1,0.11,12.23,27.73,26.74,27.99,5.2,53.17,46.66,0.17,0.28,15.07,34.97,23.37,26.11,0.19,7,25.29,32.39,128.11,2.47,61.28,38.62,0.09,0.12,11.31,28.75,27.48,27.12,5.23,53.41,46.44,0.15,0.32,14.31,33.38,24.92,26.84,0.24,96.82,2.69,0.48,5,1
"109","15-016",40,21.95,27.23,124.05,4.16,60.4,39.5,0.1,0.11,12.23,27.73,26.74,27.99,5.2,53.17,46.66,0.17,0.28,15.07,34.97,23.37,26.11,0.19,7,25.29,32.39,128.11,2.47,61.28,38.62,0.09,0.12,11.31,28.75,27.48,27.12,5.23,53.41,46.44,0.15,0.32,14.31,33.38,24.92,26.84,0.24,96.82,2.69,0.48,5,1
"110","15-017",40,21.95,27.23,124.05,4.16,60.4,39.5,0.1,0.11,12.23,27.73,26.74,27.99,5.2,53.17,46.66,0.17,0.28,15.07,34.97,23.37,26.11,0.19,7,25.29,32.39,128.11,2.47,61.28,38.62,0.09,0.12,11.31,28.75,27.48,27.12,5.23,53.41,46.44,0.15,0.32,14.31,33.38,24.92,26.84,0.24,96.82,2.69,0.48,5,1
"111","15-018",40,21.95,27.23,124.05,4.16,60.4,39.5,0.1,0.11,12.23,27.73,26.74,27.99,5.2,53.17,46.66,0.17,0.28,15.07,34.97,23.37,26.11,0.19,7,25.29,32.39,128.11,2.47,61.28,38.62,0.09,0.12,11.31,28.75,27.48,27.12,5.23,53.41,46.44,0.15,0.32,14.31,33.38,24.92,26.84,0.24,96.82,2.69,0.48,5,1
"112","15-019",44,22.97,28.74,125.09,2.59,63.49,36.37,0.14,0.15,10.37,23.7,30.86,29.94,4.98,54.19,45.66,0.15,0.34,14.95,30.79,25.78,27.92,0.21,7,25.29,32.39,128.11,2.47,61.28,38.62,0.09,0.12,11.31,28.75,27.48,27.12,5.23,53.41,46.44,0.15,0.32,14.31,33.38,24.92,26.84,0.24,96.82,2.69,0.48,5,1
"113","15-020",40,21.95,27.23,124.05,4.16,60.4,39.5,0.1,0.11,12.23,27.73,26.74,27.99,5.2,53.17,46.66,0.17,0.28,15.07,34.97,23.37,26.11,0.19,7,25.29,32.39,128.11,2.47,61.28,38.62,0.09,0.12,11.31,28.75,27.48,27.12,5.23,53.41,46.44,0.15,0.32,14.31,33.38,24.92,26.84,0.24,96.82,2.69,0.48,5,1
"114","15-021",40,21.95,27.23,124.05,4.16,60.4,39.5,0.1,0.11,12.23,27.73,26.74,27.99,5.2,53.17,46.66,0.17,0.28,15.07,34.97,23.37,26.11,0.19,7,25.29,32.39,128.11,2.47,61.28,38.62,0.09,0.12,11.31,28.75,27.48,27.12,5.23,53.41,46.44,0.15,0.32,14.31,33.38,24.92,26.84,0.24,96.82,2.69,0.48,5,1
"115","15-022",40,21.95,27.23,124.05,4.16,60.4,39.5,0.1,0.11,12.23,27.73,26.74,27.99,5.2,53.17,46.66,0.17,0.28,15.07,34.97,23.37,26.11,0.19,6,28.3,33.31,117.7,3.06,62.96,37,0.04,0.17,9.24,22.49,27.81,35.46,4.83,54.51,45.38,0.1,0.39,13.04,28.72,25.36,32.35,0.13,96.44,3.19,0.37,3,1
"116","15-023",40,21.95,27.23,124.05,4.16,60.4,39.5,0.1,0.11,12.23,27.73,26.74,27.99,5.2,53.17,46.66,0.17,0.28,15.07,34.97,23.37,26.11,0.19,6,28.3,33.31,117.7,3.06,62.96,37,0.04,0.17,9.24,22.49,27.81,35.46,4.83,54.51,45.38,0.1,0.39,13.04,28.72,25.36,32.35,0.13,96.44,3.19,0.37,3,1
"117","15-024",40,21.95,27.23,124.05,4.16,60.4,39.5,0.1,0.11,12.23,27.73,26.74,27.99,5.2,53.17,46.66,0.17,0.28,15.07,34.97,23.37,26.11,0.19,6,28.3,33.31,117.7,3.06,62.96,37,0.04,0.17,9.24,22.49,27.81,35.46,4.83,54.51,45.38,0.1,0.39,13.04,28.72,25.36,32.35,0.13,96.44,3.19,0.37,3,1
"118","15-025",40,21.95,27.23,124.05,4.16,60.4,39.5,0.1,0.11,12.23,27.73,26.74,27.99,5.2,53.17,46.66,0.17,0.28,15.07,34.97,23.37,26.11,0.19,6,28.3,33.31,117.7,3.06,62.96,37,0.04,0.17,9.24,22.49,27.81,35.46,4.83,54.51,45.38,0.1,0.39,13.04,28.72,25.36,32.35,0.13,96.44,3.19,0.37,3,1
"119","16-001",44,22.97,28.74,125.09,2.59,63.49,36.37,0.14,0.15,10.37,23.7,30.86,29.94,4.98,54.19,45.66,0.15,0.34,14.95,30.79,25.78,27.92,0.21,9,19.5,25.08,128.61,3.58,61.8,38.08,0.12,0.12,9.42,23.25,31.53,30.49,5.19,52.61,47.24,0.15,0.31,13.79,30.23,26.17,29.23,0.27,94.89,4.47,0.64,4,0
"120","16-002",40,21.95,27.23,124.05,4.16,60.4,39.5,0.1,0.11,12.23,27.73,26.74,27.99,5.2,53.17,46.66,0.17,0.28,15.07,34.97,23.37,26.11,0.19,9,19.5,25.08,128.61,3.58,61.8,38.08,0.12,0.12,9.42,23.25,31.53,30.49,5.19,52.61,47.24,0.15,0.31,13.79,30.23,26.17,29.23,0.27,94.89,4.47,0.64,4,0
"121","16-003",44,22.97,28.74,125.09,2.59,63.49,36.37,0.14,0.15,10.37,23.7,30.86,29.94,4.98,54.19,45.66,0.15,0.34,14.95,30.79,25.78,27.92,0.21,9,19.5,25.08,128.61,3.58,61.8,38.08,0.12,0.12,9.42,23.25,31.53,30.49,5.19,52.61,47.24,0.15,0.31,13.79,30.23,26.17,29.23,0.27,94.89,4.47,0.64,4,0
"122","16-004",44,22.97,28.74,125.09,2.59,63.49,36.37,0.14,0.15,10.37,23.7,30.86,29.94,4.98,54.19,45.66,0.15,0.34,14.95,30.79,25.78,27.92,0.21,9,19.5,25.08,128.61,3.58,61.8,38.08,0.12,0.12,9.42,23.25,31.53,30.49,5.19,52.61,47.24,0.15,0.31,13.79,30.23,26.17,29.23,0.27,94.89,4.47,0.64,4,0
"123","16-005",44,22.97,28.74,125.09,2.59,63.49,36.37,0.14,0.15,10.37,23.7,30.86,29.94,4.98,54.19,45.66,0.15,0.34,14.95,30.79,25.78,27.92,0.21,9,19.5,25.08,128.61,3.58,61.8,38.08,0.12,0.12,9.42,23.25,31.53,30.49,5.19,52.61,47.24,0.15,0.31,13.79,30.23,26.17,29.23,0.27,94.89,4.47,0.64,4,0
"124","16-006",40,21.95,27.23,124.05,4.16,60.4,39.5,0.1,0.11,12.23,27.73,26.74,27.99,5.2,53.17,46.66,0.17,0.28,15.07,34.97,23.37,26.11,0.19,9,19.5,25.08,128.61,3.58,61.8,38.08,0.12,0.12,9.42,23.25,31.53,30.49,5.19,52.61,47.24,0.15,0.31,13.79,30.23,26.17,29.23,0.27,94.89,4.47,0.64,4,0
"125","16-007",44,22.97,28.74,125.09,2.59,63.49,36.37,0.14,0.15,10.37,23.7,30.86,29.94,4.98,54.19,45.66,0.15,0.34,14.95,30.79,25.78,27.92,0.21,9,19.5,25.08,128.61,3.58,61.8,38.08,0.12,0.12,9.42,23.25,31.53,30.49,5.19,52.61,47.24,0.15,0.31,13.79,30.23,26.17,29.23,0.27,94.89,4.47,0.64,4,0
"126","16-008",40,21.95,27.23,124.05,4.16,60.4,39.5,0.1,0.11,12.23,27.73,26.74,27.99,5.2,53.17,46.66,0.17,0.28,15.07,34.97,23.37,26.11,0.19,9,19.5,25.08,128.61,3.58,61.8,38.08,0.12,0.12,9.42,23.25,31.53,30.49,5.19,52.61,47.24,0.15,0.31,13.79,30.23,26.17,29.23,0.27,94.89,4.47,0.64,4,0
"127","16-009",40,21.95,27.23,124.05,4.16,60.4,39.5,0.1,0.11,12.23,27.73,26.74,27.99,5.2,53.17,46.66,0.17,0.28,15.07,34.97,23.37,26.11,0.19,9,19.5,25.08,128.61,3.58,61.8,38.08,0.12,0.12,9.42,23.25,31.53,30.49,5.19,52.61,47.24,0.15,0.31,13.79,30.23,26.17,29.23,0.27,94.89,4.47,0.64,4,0
"128","16-010",40,21.95,27.23,124.05,4.16,60.4,39.5,0.1,0.11,12.23,27.73,26.74,27.99,5.2,53.17,46.66,0.17,0.28,15.07,34.97,23.37,26.11,0.19,9,19.5,25.08,128.61,3.58,61.8,38.08,0.12,0.12,9.42,23.25,31.53,30.49,5.19,52.61,47.24,0.15,0.31,13.79,30.23,26.17,29.23,0.27,94.89,4.47,0.64,4,0
"129","16-011",40,21.95,27.23,124.05,4.16,60.4,39.5,0.1,0.11,12.23,27.73,26.74,27.99,5.2,53.17,46.66,0.17,0.28,15.07,34.97,23.37,26.11,0.19,9,19.5,25.08,128.61,3.58,61.8,38.08,0.12,0.12,9.42,23.25,31.53,30.49,5.19,52.61,47.24,0.15,0.31,13.79,30.23,26.17,29.23,0.27,94.89,4.47,0.64,4,0
"130","16-012",40,21.95,27.23,124.05,4.16,60.4,39.5,0.1,0.11,12.23,27.73,26.74,27.99,5.2,53.17,46.66,0.17,0.28,15.07,34.97,23.37,26.11,0.19,9,19.5,25.08,128.61,3.58,61.8,38.08,0.12,0.12,9.42,23.25,31.53,30.49,5.19,52.61,47.24,0.15,0.31,13.79,30.23,26.17,29.23,0.27,94.89,4.47,0.64,4,0
"131","16-013",41,31.37,37.29,118.87,3.85,61.35,38.57,0.08,0.26,10.46,22.92,26.66,34.77,4.93,55.3,44.57,0.13,0.43,13.96,29.02,22.95,33.54,0.09,8,29.93,35.8,119.58,2.48,63.85,36.1,0.06,0.16,10.63,23.07,29.25,31.58,5.31,55.94,43.96,0.1,0.35,15.73,30.1,24.57,29.16,0.1,96.06,3.68,0.26,2,0
"132","16-014",41,31.37,37.29,118.87,3.85,61.35,38.57,0.08,0.26,10.46,22.92,26.66,34.77,4.93,55.3,44.57,0.13,0.43,13.96,29.02,22.95,33.54,0.09,8,29.93,35.8,119.58,2.48,63.85,36.1,0.06,0.16,10.63,23.07,29.25,31.58,5.31,55.94,43.96,0.1,0.35,15.73,30.1,24.57,29.16,0.1,96.06,3.68,0.26,2,0
"133","17-001",44,22.97,28.74,125.09,2.59,63.49,36.37,0.14,0.15,10.37,23.7,30.86,29.94,4.98,54.19,45.66,0.15,0.34,14.95,30.79,25.78,27.92,0.21,11,21.41,25.87,120.81,4.88,55.88,43.98,0.14,0.13,19.37,31.66,20.87,22.31,5.65,51.62,48.21,0.17,0.19,20.64,42.16,17.62,19.31,0.07,97.82,1.91,0.28,1,0
"134","17-002",40,21.95,27.23,124.05,4.16,60.4,39.5,0.1,0.11,12.23,27.73,26.74,27.99,5.2,53.17,46.66,0.17,0.28,15.07,34.97,23.37,26.11,0.19,11,21.41,25.87,120.81,4.88,55.88,43.98,0.14,0.13,19.37,31.66,20.87,22.31,5.65,51.62,48.21,0.17,0.19,20.64,42.16,17.62,19.31,0.07,97.82,1.91,0.28,1,0
"135","18-001",40,21.95,27.23,124.05,4.16,60.4,39.5,0.1,0.11,12.23,27.73,26.74,27.99,5.2,53.17,46.66,0.17,0.28,15.07,34.97,23.37,26.11,0.19,9,19.5,25.08,128.61,3.58,61.8,38.08,0.12,0.12,9.42,23.25,31.53,30.49,5.19,52.61,47.24,0.15,0.31,13.79,30.23,26.17,29.23,0.27,94.89,4.47,0.64,4,0
"136","18-002",40,21.95,27.23,124.05,4.16,60.4,39.5,0.1,0.11,12.23,27.73,26.74,27.99,5.2,53.17,46.66,0.17,0.28,15.07,34.97,23.37,26.11,0.19,9,19.5,25.08,128.61,3.58,61.8,38.08,0.12,0.12,9.42,23.25,31.53,30.49,5.19,52.61,47.24,0.15,0.31,13.79,30.23,26.17,29.23,0.27,94.89,4.47,0.64,4,0
"137","19-001",44,22.97,28.74,125.09,2.59,63.49,36.37,0.14,0.15,10.37,23.7,30.86,29.94,4.98,54.19,45.66,0.15,0.34,14.95,30.79,25.78,27.92,0.21,9,19.5,25.08,128.61,3.58,61.8,38.08,0.12,0.12,9.42,23.25,31.53,30.49,5.19,52.61,47.24,0.15,0.31,13.79,30.23,26.17,29.23,0.27,94.89,4.47,0.64,4,0
"138","19-002",40,21.95,27.23,124.05,4.16,60.4,39.5,0.1,0.11,12.23,27.73,26.74,27.99,5.2,53.17,46.66,0.17,0.28,15.07,34.97,23.37,26.11,0.19,9,19.5,25.08,128.61,3.58,61.8,38.08,0.12,0.12,9.42,23.25,31.53,30.49,5.19,52.61,47.24,0.15,0.31,13.79,30.23,26.17,29.23,0.27,94.89,4.47,0.64,4,0
"139","19-003",44,22.97,28.74,125.09,2.59,63.49,36.37,0.14,0.15,10.37,23.7,30.86,29.94,4.98,54.19,45.66,0.15,0.34,14.95,30.79,25.78,27.92,0.21,9,19.5,25.08,128.61,3.58,61.8,38.08,0.12,0.12,9.42,23.25,31.53,30.49,5.19,52.61,47.24,0.15,0.31,13.79,30.23,26.17,29.23,0.27,94.89,4.47,0.64,4,0
"140","20-001",44,22.97,28.74,125.09,2.59,63.49,36.37,0.14,0.15,10.37,23.7,30.86,29.94,4.98,54.19,45.66,0.15,0.34,14.95,30.79,25.78,27.92,0.21,9,19.5,25.08,128.61,3.58,61.8,38.08,0.12,0.12,9.42,23.25,31.53,30.49,5.19,52.61,47.24,0.15,0.31,13.79,30.23,26.17,29.23,0.27,94.89,4.47,0.64,4,0
"141","20-002",44,22.97,28.74,125.09,2.59,63.49,36.37,0.14,0.15,10.37,23.7,30.86,29.94,4.98,54.19,45.66,0.15,0.34,14.95,30.79,25.78,27.92,0.21,9,19.5,25.08,128.61,3.58,61.8,38.08,0.12,0.12,9.42,23.25,31.53,30.49,5.19,52.61,47.24,0.15,0.31,13.79,30.23,26.17,29.23,0.27,94.89,4.47,0.64,4,0
"142","20-003",44,22.97,28.74,125.09,2.59,63.49,36.37,0.14,0.15,10.37,23.7,30.86,29.94,4.98,54.19,45.66,0.15,0.34,14.95,30.79,25.78,27.92,0.21,9,19.5,25.08,128.61,3.58,61.8,38.08,0.12,0.12,9.42,23.25,31.53,30.49,5.19,52.61,47.24,0.15,0.31,13.79,30.23,26.17,29.23,0.27,94.89,4.47,0.64,4,0
"143","20-004",44,22.97,28.74,125.09,2.59,63.49,36.37,0.14,0.15,10.37,23.7,30.86,29.94,4.98,54.19,45.66,0.15,0.34,14.95,30.79,25.78,27.92,0.21,9,19.5,25.08,128.61,3.58,61.8,38.08,0.12,0.12,9.42,23.25,31.53,30.49,5.19,52.61,47.24,0.15,0.31,13.79,30.23,26.17,29.23,0.27,94.89,4.47,0.64,4,0
"144","20-005",41,31.37,37.29,118.87,3.85,61.35,38.57,0.08,0.26,10.46,22.92,26.66,34.77,4.93,55.3,44.57,0.13,0.43,13.96,29.02,22.95,33.54,0.09,9,19.5,25.08,128.61,3.58,61.8,38.08,0.12,0.12,9.42,23.25,31.53,30.49,5.19,52.61,47.24,0.15,0.31,13.79,30.23,26.17,29.23,0.27,94.89,4.47,0.64,4,0
"145","20-006",41,31.37,37.29,118.87,3.85,61.35,38.57,0.08,0.26,10.46,22.92,26.66,34.77,4.93,55.3,44.57,0.13,0.43,13.96,29.02,22.95,33.54,0.09,8,29.93,35.8,119.58,2.48,63.85,36.1,0.06,0.16,10.63,23.07,29.25,31.58,5.31,55.94,43.96,0.1,0.35,15.73,30.1,24.57,29.16,0.1,96.06,3.68,0.26,2,0
"146","20-007",41,31.37,37.29,118.87,3.85,61.35,38.57,0.08,0.26,10.46,22.92,26.66,34.77,4.93,55.3,44.57,0.13,0.43,13.96,29.02,22.95,33.54,0.09,8,29.93,35.8,119.58,2.48,63.85,36.1,0.06,0.16,10.63,23.07,29.25,31.58,5.31,55.94,43.96,0.1,0.35,15.73,30.1,24.57,29.16,0.1,96.06,3.68,0.26,2,0
"147","20-008",44,22.97,28.74,125.09,2.59,63.49,36.37,0.14,0.15,10.37,23.7,30.86,29.94,4.98,54.19,45.66,0.15,0.34,14.95,30.79,25.78,27.92,0.21,8,29.93,35.8,119.58,2.48,63.85,36.1,0.06,0.16,10.63,23.07,29.25,31.58,5.31,55.94,43.96,0.1,0.35,15.73,30.1,24.57,29.16,0.1,96.06,3.68,0.26,2,0
"148","20-009",44,22.97,28.74,125.09,2.59,63.49,36.37,0.14,0.15,10.37,23.7,30.86,29.94,4.98,54.19,45.66,0.15,0.34,14.95,30.79,25.78,27.92,0.21,10,18.93,18.51,97.78,14.17,61.34,38.63,0.03,0.05,12.87,26.64,30.57,24.61,5.26,54.05,45.82,0.12,0.32,16.76,34.64,24.28,23.82,0.17,95.09,4.27,0.64,9,2
"149","20-010",40,21.95,27.23,124.05,4.16,60.4,39.5,0.1,0.11,12.23,27.73,26.74,27.99,5.2,53.17,46.66,0.17,0.28,15.07,34.97,23.37,26.11,0.19,9,19.5,25.08,128.61,3.58,61.8,38.08,0.12,0.12,9.42,23.25,31.53,30.49,5.19,52.61,47.24,0.15,0.31,13.79,30.23,26.17,29.23,0.27,94.89,4.47,0.64,4,0
"150","20-011",40,21.95,27.23,124.05,4.16,60.4,39.5,0.1,0.11,12.23,27.73,26.74,27.99,5.2,53.17,46.66,0.17,0.28,15.07,34.97,23.37,26.11,0.19,9,19.5,25.08,128.61,3.58,61.8,38.08,0.12,0.12,9.42,23.25,31.53,30.49,5.19,52.61,47.24,0.15,0.31,13.79,30.23,26.17,29.23,0.27,94.89,4.47,0.64,4,0
"151","20-012",40,21.95,27.23,124.05,4.16,60.4,39.5,0.1,0.11,12.23,27.73,26.74,27.99,5.2,53.17,46.66,0.17,0.28,15.07,34.97,23.37,26.11,0.19,NA,NA,NA,NA,NA,NA,NA,NA,NA,NA,NA,NA,NA,NA,NA,NA,NA,NA,NA,NA,NA,NA,NA,NA,NA,NA,NA,NA
"152","21-001",40,21.95,27.23,124.05,4.16,60.4,39.5,0.1,0.11,12.23,27.73,26.74,27.99,5.2,53.17,46.66,0.17,0.28,15.07,34.97,23.37,26.11,0.19,11,21.41,25.87,120.81,4.88,55.88,43.98,0.14,0.13,19.37,31.66,20.87,22.31,5.65,51.62,48.21,0.17,0.19,20.64,42.16,17.62,19.31,0.07,97.82,1.91,0.28,1,0
"153","21-002",40,21.95,27.23,124.05,4.16,60.4,39.5,0.1,0.11,12.23,27.73,26.74,27.99,5.2,53.17,46.66,0.17,0.28,15.07,34.97,23.37,26.11,0.19,10,18.93,18.51,97.78,14.17,61.34,38.63,0.03,0.05,12.87,26.64,30.57,24.61,5.26,54.05,45.82,0.12,0.32,16.76,34.64,24.28,23.82,0.17,95.09,4.27,0.64,9,2
"154","21-003",40,21.95,27.23,124.05,4.16,60.4,39.5,0.1,0.11,12.23,27.73,26.74,27.99,5.2,53.17,46.66,0.17,0.28,15.07,34.97,23.37,26.11,0.19,10,18.93,18.51,97.78,14.17,61.34,38.63,0.03,0.05,12.87,26.64,30.57,24.61,5.26,54.05,45.82,0.12,0.32,16.76,34.64,24.28,23.82,0.17,95.09,4.27,0.64,9,2
"155","21-004",46,21.12,22.48,106.46,16.06,56.78,43.11,0.11,0.07,18.5,35.28,20.74,19.39,6.01,51.39,48.46,0.15,0.2,19.41,42.3,18.59,19.42,0.08,10,18.93,18.51,97.78,14.17,61.34,38.63,0.03,0.05,12.87,26.64,30.57,24.61,5.26,54.05,45.82,0.12,0.32,16.76,34.64,24.28,23.82,0.17,95.09,4.27,0.64,9,2
"156","21-005",46,21.12,22.48,106.46,16.06,56.78,43.11,0.11,0.07,18.5,35.28,20.74,19.39,6.01,51.39,48.46,0.15,0.2,19.41,42.3,18.59,19.42,0.08,NA,NA,NA,NA,NA,NA,NA,NA,NA,NA,NA,NA,NA,NA,NA,NA,NA,NA,NA,NA,NA,NA,NA,NA,NA,NA,NA,NA
"157","22-001",46,21.12,22.48,106.46,16.06,56.78,43.11,0.11,0.07,18.5,35.28,20.74,19.39,6.01,51.39,48.46,0.15,0.2,19.41,42.3,18.59,19.42,0.08,11,21.41,25.87,120.81,4.88,55.88,43.98,0.14,0.13,19.37,31.66,20.87,22.31,5.65,51.62,48.21,0.17,0.19,20.64,42.16,17.62,19.31,0.07,97.82,1.91,0.28,1,0
"158","22-002",46,21.12,22.48,106.46,16.06,56.78,43.11,0.11,0.07,18.5,35.28,20.74,19.39,6.01,51.39,48.46,0.15,0.2,19.41,42.3,18.59,19.42,0.08,11,21.41,25.87,120.81,4.88,55.88,43.98,0.14,0.13,19.37,31.66,20.87,22.31,5.65,51.62,48.21,0.17,0.19,20.64,42.16,17.62,19.31,0.07,97.82,1.91,0.28,1,0
"159","23-001",46,21.12,22.48,106.46,16.06,56.78,43.11,0.11,0.07,18.5,35.28,20.74,19.39,6.01,51.39,48.46,0.15,0.2,19.41,42.3,18.59,19.42,0.08,11,21.41,25.87,120.81,4.88,55.88,43.98,0.14,0.13,19.37,31.66,20.87,22.31,5.65,51.62,48.21,0.17,0.19,20.64,42.16,17.62,19.31,0.07,97.82,1.91,0.28,1,0
"160","23-002",46,21.12,22.48,106.46,16.06,56.78,43.11,0.11,0.07,18.5,35.28,20.74,19.39,6.01,51.39,48.46,0.15,0.2,19.41,42.3,18.59,19.42,0.08,11,21.41,25.87,120.81,4.88,55.88,43.98,0.14,0.13,19.37,31.66,20.87,22.31,5.65,51.62,48.21,0.17,0.19,20.64,42.16,17.62,19.31,0.07,97.82,1.91,0.28,1,0
"161","23-003",46,21.12,22.48,106.46,16.06,56.78,43.11,0.11,0.07,18.5,35.28,20.74,19.39,6.01,51.39,48.46,0.15,0.2,19.41,42.3,18.59,19.42,0.08,11,21.41,25.87,120.81,4.88,55.88,43.98,0.14,0.13,19.37,31.66,20.87,22.31,5.65,51.62,48.21,0.17,0.19,20.64,42.16,17.62,19.31,0.07,97.82,1.91,0.28,1,0
"162","24-001",46,21.12,22.48,106.46,16.06,56.78,43.11,0.11,0.07,18.5,35.28,20.74,19.39,6.01,51.39,48.46,0.15,0.2,19.41,42.3,18.59,19.42,0.08,11,21.41,25.87,120.81,4.88,55.88,43.98,0.14,0.13,19.37,31.66,20.87,22.31,5.65,51.62,48.21,0.17,0.19,20.64,42.16,17.62,19.31,0.07,97.82,1.91,0.28,1,0
"163","24-002",46,21.12,22.48,106.46,16.06,56.78,43.11,0.11,0.07,18.5,35.28,20.74,19.39,6.01,51.39,48.46,0.15,0.2,19.41,42.3,18.59,19.42,0.08,11,21.41,25.87,120.81,4.88,55.88,43.98,0.14,0.13,19.37,31.66,20.87,22.31,5.65,51.62,48.21,0.17,0.19,20.64,42.16,17.62,19.31,0.07,97.82,1.91,0.28,1,0
"164","24-003",46,21.12,22.48,106.46,16.06,56.78,43.11,0.11,0.07,18.5,35.28,20.74,19.39,6.01,51.39,48.46,0.15,0.2,19.41,42.3,18.59,19.42,0.08,11,21.41,25.87,120.81,4.88,55.88,43.98,0.14,0.13,19.37,31.66,20.87,22.31,5.65,51.62,48.21,0.17,0.19,20.64,42.16,17.62,19.31,0.07,97.82,1.91,0.28,1,0
"165","24-004",46,21.12,22.48,106.46,16.06,56.78,43.11,0.11,0.07,18.5,35.28,20.74,19.39,6.01,51.39,48.46,0.15,0.2,19.41,42.3,18.59,19.42,0.08,11,21.41,25.87,120.81,4.88,55.88,43.98,0.14,0.13,19.37,31.66,20.87,22.31,5.65,51.62,48.21,0.17,0.19,20.64,42.16,17.62,19.31,0.07,97.82,1.91,0.28,1,0
"166","24-005",46,21.12,22.48,106.46,16.06,56.78,43.11,0.11,0.07,18.5,35.28,20.74,19.39,6.01,51.39,48.46,0.15,0.2,19.41,42.3,18.59,19.42,0.08,11,21.41,25.87,120.81,4.88,55.88,43.98,0.14,0.13,19.37,31.66,20.87,22.31,5.65,51.62,48.21,0.17,0.19,20.64,42.16,17.62,19.31,0.07,97.82,1.91,0.28,1,0
"167","25-001",44,22.97,28.74,125.09,2.59,63.49,36.37,0.14,0.15,10.37,23.7,30.86,29.94,4.98,54.19,45.66,0.15,0.34,14.95,30.79,25.78,27.92,0.21,8,29.93,35.8,119.58,2.48,63.85,36.1,0.06,0.16,10.63,23.07,29.25,31.58,5.31,55.94,43.96,0.1,0.35,15.73,30.1,24.57,29.16,0.1,96.06,3.68,0.26,2,0
"168","25-002",44,22.97,28.74,125.09,2.59,63.49,36.37,0.14,0.15,10.37,23.7,30.86,29.94,4.98,54.19,45.66,0.15,0.34,14.95,30.79,25.78,27.92,0.21,8,29.93,35.8,119.58,2.48,63.85,36.1,0.06,0.16,10.63,23.07,29.25,31.58,5.31,55.94,43.96,0.1,0.35,15.73,30.1,24.57,29.16,0.1,96.06,3.68,0.26,2,0
"169","25-003",40,21.95,27.23,124.05,4.16,60.4,39.5,0.1,0.11,12.23,27.73,26.74,27.99,5.2,53.17,46.66,0.17,0.28,15.07,34.97,23.37,26.11,0.19,10,18.93,18.51,97.78,14.17,61.34,38.63,0.03,0.05,12.87,26.64,30.57,24.61,5.26,54.05,45.82,0.12,0.32,16.76,34.64,24.28,23.82,0.17,95.09,4.27,0.64,9,2
"170","25-004",40,21.95,27.23,124.05,4.16,60.4,39.5,0.1,0.11,12.23,27.73,26.74,27.99,5.2,53.17,46.66,0.17,0.28,15.07,34.97,23.37,26.11,0.19,10,18.93,18.51,97.78,14.17,61.34,38.63,0.03,0.05,12.87,26.64,30.57,24.61,5.26,54.05,45.82,0.12,0.32,16.76,34.64,24.28,23.82,0.17,95.09,4.27,0.64,9,2
"171","25-005",46,21.12,22.48,106.46,16.06,56.78,43.11,0.11,0.07,18.5,35.28,20.74,19.39,6.01,51.39,48.46,0.15,0.2,19.41,42.3,18.59,19.42,0.08,10,18.93,18.51,97.78,14.17,61.34,38.63,0.03,0.05,12.87,26.64,30.57,24.61,5.26,54.05,45.82,0.12,0.32,16.76,34.64,24.28,23.82,0.17,95.09,4.27,0.64,9,2
"172","25-006",46,21.12,22.48,106.46,16.06,56.78,43.11,0.11,0.07,18.5,35.28,20.74,19.39,6.01,51.39,48.46,0.15,0.2,19.41,42.3,18.59,19.42,0.08,10,18.93,18.51,97.78,14.17,61.34,38.63,0.03,0.05,12.87,26.64,30.57,24.61,5.26,54.05,45.82,0.12,0.32,16.76,34.64,24.28,23.82,0.17,95.09,4.27,0.64,9,2
"173","25-007",46,21.12,22.48,106.46,16.06,56.78,43.11,0.11,0.07,18.5,35.28,20.74,19.39,6.01,51.39,48.46,0.15,0.2,19.41,42.3,18.59,19.42,0.08,10,18.93,18.51,97.78,14.17,61.34,38.63,0.03,0.05,12.87,26.64,30.57,24.61,5.26,54.05,45.82,0.12,0.32,16.76,34.64,24.28,23.82,0.17,95.09,4.27,0.64,9,2
"174","25-008",46,21.12,22.48,106.46,16.06,56.78,43.11,0.11,0.07,18.5,35.28,20.74,19.39,6.01,51.39,48.46,0.15,0.2,19.41,42.3,18.59,19.42,0.08,10,18.93,18.51,97.78,14.17,61.34,38.63,0.03,0.05,12.87,26.64,30.57,24.61,5.26,54.05,45.82,0.12,0.32,16.76,34.64,24.28,23.82,0.17,95.09,4.27,0.64,9,2
"175","25-009",46,21.12,22.48,106.46,16.06,56.78,43.11,0.11,0.07,18.5,35.28,20.74,19.39,6.01,51.39,48.46,0.15,0.2,19.41,42.3,18.59,19.42,0.08,10,18.93,18.51,97.78,14.17,61.34,38.63,0.03,0.05,12.87,26.64,30.57,24.61,5.26,54.05,45.82,0.12,0.32,16.76,34.64,24.28,23.82,0.17,95.09,4.27,0.64,9,2
"176","25-010",46,21.12,22.48,106.46,16.06,56.78,43.11,0.11,0.07,18.5,35.28,20.74,19.39,6.01,51.39,48.46,0.15,0.2,19.41,42.3,18.59,19.42,0.08,10,18.93,18.51,97.78,14.17,61.34,38.63,0.03,0.05,12.87,26.64,30.57,24.61,5.26,54.05,45.82,0.12,0.32,16.76,34.64,24.28,23.82,0.17,95.09,4.27,0.64,9,2
"177","25-011",46,21.12,22.48,106.46,16.06,56.78,43.11,0.11,0.07,18.5,35.28,20.74,19.39,6.01,51.39,48.46,0.15,0.2,19.41,42.3,18.59,19.42,0.08,10,18.93,18.51,97.78,14.17,61.34,38.63,0.03,0.05,12.87,26.64,30.57,24.61,5.26,54.05,45.82,0.12,0.32,16.76,34.64,24.28,23.82,0.17,95.09,4.27,0.64,9,2
"178","25-012",46,21.12,22.48,106.46,16.06,56.78,43.11,0.11,0.07,18.5,35.28,20.74,19.39,6.01,51.39,48.46,0.15,0.2,19.41,42.3,18.59,19.42,0.08,10,18.93,18.51,97.78,14.17,61.34,38.63,0.03,0.05,12.87,26.64,30.57,24.61,5.26,54.05,45.82,0.12,0.32,16.76,34.64,24.28,23.82,0.17,95.09,4.27,0.64,9,2
"179","25-013",46,21.12,22.48,106.46,16.06,56.78,43.11,0.11,0.07,18.5,35.28,20.74,19.39,6.01,51.39,48.46,0.15,0.2,19.41,42.3,18.59,19.42,0.08,10,18.93,18.51,97.78,14.17,61.34,38.63,0.03,0.05,12.87,26.64,30.57,24.61,5.26,54.05,45.82,0.12,0.32,16.76,34.64,24.28,23.82,0.17,95.09,4.27,0.64,9,2
"180","25-014",46,21.12,22.48,106.46,16.06,56.78,43.11,0.11,0.07,18.5,35.28,20.74,19.39,6.01,51.39,48.46,0.15,0.2,19.41,42.3,18.59,19.42,0.08,10,18.93,18.51,97.78,14.17,61.34,38.63,0.03,0.05,12.87,26.64,30.57,24.61,5.26,54.05,45.82,0.12,0.32,16.76,34.64,24.28,23.82,0.17,95.09,4.27,0.64,9,2
"181","25-015",46,21.12,22.48,106.46,16.06,56.78,43.11,0.11,0.07,18.5,35.28,20.74,19.39,6.01,51.39,48.46,0.15,0.2,19.41,42.3,18.59,19.42,0.08,10,18.93,18.51,97.78,14.17,61.34,38.63,0.03,0.05,12.87,26.64,30.57,24.61,5.26,54.05,45.82,0.12,0.32,16.76,34.64,24.28,23.82,0.17,95.09,4.27,0.64,9,2
"182","25-016",46,21.12,22.48,106.46,16.06,56.78,43.11,0.11,0.07,18.5,35.28,20.74,19.39,6.01,51.39,48.46,0.15,0.2,19.41,42.3,18.59,19.42,0.08,10,18.93,18.51,97.78,14.17,61.34,38.63,0.03,0.05,12.87,26.64,30.57,24.61,5.26,54.05,45.82,0.12,0.32,16.76,34.64,24.28,23.82,0.17,95.09,4.27,0.64,9,2
"183","25-017",40,21.95,27.23,124.05,4.16,60.4,39.5,0.1,0.11,12.23,27.73,26.74,27.99,5.2,53.17,46.66,0.17,0.28,15.07,34.97,23.37,26.11,0.19,10,18.93,18.51,97.78,14.17,61.34,38.63,0.03,0.05,12.87,26.64,30.57,24.61,5.26,54.05,45.82,0.12,0.32,16.76,34.64,24.28,23.82,0.17,95.09,4.27,0.64,9,2
"184","25-018",40,21.95,27.23,124.05,4.16,60.4,39.5,0.1,0.11,12.23,27.73,26.74,27.99,5.2,53.17,46.66,0.17,0.28,15.07,34.97,23.37,26.11,0.19,NA,NA,NA,NA,NA,NA,NA,NA,NA,NA,NA,NA,NA,NA,NA,NA,NA,NA,NA,NA,NA,NA,NA,NA,NA,NA,NA,NA
"185","26-001",46,21.12,22.48,106.46,16.06,56.78,43.11,0.11,0.07,18.5,35.28,20.74,19.39,6.01,51.39,48.46,0.15,0.2,19.41,42.3,18.59,19.42,0.08,1,21.47,23.07,107.45,19.67,55.86,44.01,0.13,0.06,18.92,39.61,17.67,17.27,6.48,51.37,48.45,0.18,0.15,18.95,45.77,16.01,19.08,0.04,98.45,1.18,0.38,2,0
"186","26-002",46,21.12,22.48,106.46,16.06,56.78,43.11,0.11,0.07,18.5,35.28,20.74,19.39,6.01,51.39,48.46,0.15,0.2,19.41,42.3,18.59,19.42,0.08,1,21.47,23.07,107.45,19.67,55.86,44.01,0.13,0.06,18.92,39.61,17.67,17.27,6.48,51.37,48.45,0.18,0.15,18.95,45.77,16.01,19.08,0.04,98.45,1.18,0.38,2,0
"187","26-003",46,21.12,22.48,106.46,16.06,56.78,43.11,0.11,0.07,18.5,35.28,20.74,19.39,6.01,51.39,48.46,0.15,0.2,19.41,42.3,18.59,19.42,0.08,1,21.47,23.07,107.45,19.67,55.86,44.01,0.13,0.06,18.92,39.61,17.67,17.27,6.48,51.37,48.45,0.18,0.15,18.95,45.77,16.01,19.08,0.04,98.45,1.18,0.38,2,0
"188","26-004",46,21.12,22.48,106.46,16.06,56.78,43.11,0.11,0.07,18.5,35.28,20.74,19.39,6.01,51.39,48.46,0.15,0.2,19.41,42.3,18.59,19.42,0.08,1,21.47,23.07,107.45,19.67,55.86,44.01,0.13,0.06,18.92,39.61,17.67,17.27,6.48,51.37,48.45,0.18,0.15,18.95,45.77,16.01,19.08,0.04,98.45,1.18,0.38,2,0
"189","26-005",46,21.12,22.48,106.46,16.06,56.78,43.11,0.11,0.07,18.5,35.28,20.74,19.39,6.01,51.39,48.46,0.15,0.2,19.41,42.3,18.59,19.42,0.08,1,21.47,23.07,107.45,19.67,55.86,44.01,0.13,0.06,18.92,39.61,17.67,17.27,6.48,51.37,48.45,0.18,0.15,18.95,45.77,16.01,19.08,0.04,98.45,1.18,0.38,2,0
"190","26-006",46,21.12,22.48,106.46,16.06,56.78,43.11,0.11,0.07,18.5,35.28,20.74,19.39,6.01,51.39,48.46,0.15,0.2,19.41,42.3,18.59,19.42,0.08,1,21.47,23.07,107.45,19.67,55.86,44.01,0.13,0.06,18.92,39.61,17.67,17.27,6.48,51.37,48.45,0.18,0.15,18.95,45.77,16.01,19.08,0.04,98.45,1.18,0.38,2,0
"191","26-007",46,21.12,22.48,106.46,16.06,56.78,43.11,0.11,0.07,18.5,35.28,20.74,19.39,6.01,51.39,48.46,0.15,0.2,19.41,42.3,18.59,19.42,0.08,1,21.47,23.07,107.45,19.67,55.86,44.01,0.13,0.06,18.92,39.61,17.67,17.27,6.48,51.37,48.45,0.18,0.15,18.95,45.77,16.01,19.08,0.04,98.45,1.18,0.38,2,0
"192","26-008",46,21.12,22.48,106.46,16.06,56.78,43.11,0.11,0.07,18.5,35.28,20.74,19.39,6.01,51.39,48.46,0.15,0.2,19.41,42.3,18.59,19.42,0.08,1,21.47,23.07,107.45,19.67,55.86,44.01,0.13,0.06,18.92,39.61,17.67,17.27,6.48,51.37,48.45,0.18,0.15,18.95,45.77,16.01,19.08,0.04,98.45,1.18,0.38,2,0
"193","26-009",46,21.12,22.48,106.46,16.06,56.78,43.11,0.11,0.07,18.5,35.28,20.74,19.39,6.01,51.39,48.46,0.15,0.2,19.41,42.3,18.59,19.42,0.08,1,21.47,23.07,107.45,19.67,55.86,44.01,0.13,0.06,18.92,39.61,17.67,17.27,6.48,51.37,48.45,0.18,0.15,18.95,45.77,16.01,19.08,0.04,98.45,1.18,0.38,2,0
"194","26-010",46,21.12,22.48,106.46,16.06,56.78,43.11,0.11,0.07,18.5,35.28,20.74,19.39,6.01,51.39,48.46,0.15,0.2,19.41,42.3,18.59,19.42,0.08,1,21.47,23.07,107.45,19.67,55.86,44.01,0.13,0.06,18.92,39.61,17.67,17.27,6.48,51.37,48.45,0.18,0.15,18.95,45.77,16.01,19.08,0.04,98.45,1.18,0.38,2,0
"195","26-011",46,21.12,22.48,106.46,16.06,56.78,43.11,0.11,0.07,18.5,35.28,20.74,19.39,6.01,51.39,48.46,0.15,0.2,19.41,42.3,18.59,19.42,0.08,2,30.28,31.4,103.7,7.81,63.12,36.85,0.03,0.18,11.04,26.61,30.7,25.95,5.5,55.48,44.43,0.1,0.51,16.45,32.93,25.32,24.71,0.08,96.69,2.96,0.36,3,1
"196","26-012",46,21.12,22.48,106.46,16.06,56.78,43.11,0.11,0.07,18.5,35.28,20.74,19.39,6.01,51.39,48.46,0.15,0.2,19.41,42.3,18.59,19.42,0.08,13,23.58,26.77,113.55,9.84,63.93,35.98,0.09,0.19,12.15,25.32,29.5,27.24,5.61,54.29,45.58,0.13,0.34,16.28,33.57,25.19,24.47,0.14,97.03,2.53,0.44,7,0
"197","26-013",45,27.18,32.19,118.41,4.89,62.37,37.56,0.07,0.16,11.34,27.58,29.54,25.83,5.55,54.25,45.63,0.12,0.4,15.66,33.73,25.16,24.94,0.1,13,23.58,26.77,113.55,9.84,63.93,35.98,0.09,0.19,12.15,25.32,29.5,27.24,5.61,54.29,45.58,0.13,0.34,16.28,33.57,25.19,24.47,0.14,97.03,2.53,0.44,7,0
"198","26-014",45,27.18,32.19,118.41,4.89,62.37,37.56,0.07,0.16,11.34,27.58,29.54,25.83,5.55,54.25,45.63,0.12,0.4,15.66,33.73,25.16,24.94,0.1,2,30.28,31.4,103.7,7.81,63.12,36.85,0.03,0.18,11.04,26.61,30.7,25.95,5.5,55.48,44.43,0.1,0.51,16.45,32.93,25.32,24.71,0.08,96.69,2.96,0.36,3,1
"199","26-015",45,27.18,32.19,118.41,4.89,62.37,37.56,0.07,0.16,11.34,27.58,29.54,25.83,5.55,54.25,45.63,0.12,0.4,15.66,33.73,25.16,24.94,0.1,2,30.28,31.4,103.7,7.81,63.12,36.85,0.03,0.18,11.04,26.61,30.7,25.95,5.5,55.48,44.43,0.1,0.51,16.45,32.93,25.32,24.71,0.08,96.69,2.96,0.36,3,1
"200","26-016",45,27.18,32.19,118.41,4.89,62.37,37.56,0.07,0.16,11.34,27.58,29.54,25.83,5.55,54.25,45.63,0.12,0.4,15.66,33.73,25.16,24.94,0.1,2,30.28,31.4,103.7,7.81,63.12,36.85,0.03,0.18,11.04,26.61,30.7,25.95,5.5,55.48,44.43,0.1,0.51,16.45,32.93,25.32,24.71,0.08,96.69,2.96,0.36,3,1
"201","26-017",45,27.18,32.19,118.41,4.89,62.37,37.56,0.07,0.16,11.34,27.58,29.54,25.83,5.55,54.25,45.63,0.12,0.4,15.66,33.73,25.16,24.94,0.1,13,23.58,26.77,113.55,9.84,63.93,35.98,0.09,0.19,12.15,25.32,29.5,27.24,5.61,54.29,45.58,0.13,0.34,16.28,33.57,25.19,24.47,0.14,97.03,2.53,0.44,7,0
"202","26-018",45,27.18,32.19,118.41,4.89,62.37,37.56,0.07,0.16,11.34,27.58,29.54,25.83,5.55,54.25,45.63,0.12,0.4,15.66,33.73,25.16,24.94,0.1,13,23.58,26.77,113.55,9.84,63.93,35.98,0.09,0.19,12.15,25.32,29.5,27.24,5.61,54.29,45.58,0.13,0.34,16.28,33.57,25.19,24.47,0.14,97.03,2.53,0.44,7,0
"203","26-019",45,27.18,32.19,118.41,4.89,62.37,37.56,0.07,0.16,11.34,27.58,29.54,25.83,5.55,54.25,45.63,0.12,0.4,15.66,33.73,25.16,24.94,0.1,13,23.58,26.77,113.55,9.84,63.93,35.98,0.09,0.19,12.15,25.32,29.5,27.24,5.61,54.29,45.58,0.13,0.34,16.28,33.57,25.19,24.47,0.14,97.03,2.53,0.44,7,0
"204","26-020",45,27.18,32.19,118.41,4.89,62.37,37.56,0.07,0.16,11.34,27.58,29.54,25.83,5.55,54.25,45.63,0.12,0.4,15.66,33.73,25.16,24.94,0.1,13,23.58,26.77,113.55,9.84,63.93,35.98,0.09,0.19,12.15,25.32,29.5,27.24,5.61,54.29,45.58,0.13,0.34,16.28,33.57,25.19,24.47,0.14,97.03,2.53,0.44,7,0
"205","26-021",45,27.18,32.19,118.41,4.89,62.37,37.56,0.07,0.16,11.34,27.58,29.54,25.83,5.55,54.25,45.63,0.12,0.4,15.66,33.73,25.16,24.94,0.1,13,23.58,26.77,113.55,9.84,63.93,35.98,0.09,0.19,12.15,25.32,29.5,27.24,5.61,54.29,45.58,0.13,0.34,16.28,33.57,25.19,24.47,0.14,97.03,2.53,0.44,7,0
"206","26-022",45,27.18,32.19,118.41,4.89,62.37,37.56,0.07,0.16,11.34,27.58,29.54,25.83,5.55,54.25,45.63,0.12,0.4,15.66,33.73,25.16,24.94,0.1,2,30.28,31.4,103.7,7.81,63.12,36.85,0.03,0.18,11.04,26.61,30.7,25.95,5.5,55.48,44.43,0.1,0.51,16.45,32.93,25.32,24.71,0.08,96.69,2.96,0.36,3,1
"207","26-023",45,27.18,32.19,118.41,4.89,62.37,37.56,0.07,0.16,11.34,27.58,29.54,25.83,5.55,54.25,45.63,0.12,0.4,15.66,33.73,25.16,24.94,0.1,2,30.28,31.4,103.7,7.81,63.12,36.85,0.03,0.18,11.04,26.61,30.7,25.95,5.5,55.48,44.43,0.1,0.51,16.45,32.93,25.32,24.71,0.08,96.69,2.96,0.36,3,1
"208","26-024",45,27.18,32.19,118.41,4.89,62.37,37.56,0.07,0.16,11.34,27.58,29.54,25.83,5.55,54.25,45.63,0.12,0.4,15.66,33.73,25.16,24.94,0.1,2,30.28,31.4,103.7,7.81,63.12,36.85,0.03,0.18,11.04,26.61,30.7,25.95,5.5,55.48,44.43,0.1,0.51,16.45,32.93,25.32,24.71,0.08,96.69,2.96,0.36,3,1
"209","26-025",45,27.18,32.19,118.41,4.89,62.37,37.56,0.07,0.16,11.34,27.58,29.54,25.83,5.55,54.25,45.63,0.12,0.4,15.66,33.73,25.16,24.94,0.1,2,30.28,31.4,103.7,7.81,63.12,36.85,0.03,0.18,11.04,26.61,30.7,25.95,5.5,55.48,44.43,0.1,0.51,16.45,32.93,25.32,24.71,0.08,96.69,2.96,0.36,3,1
"210","26-026",45,27.18,32.19,118.41,4.89,62.37,37.56,0.07,0.16,11.34,27.58,29.54,25.83,5.55,54.25,45.63,0.12,0.4,15.66,33.73,25.16,24.94,0.1,2,30.28,31.4,103.7,7.81,63.12,36.85,0.03,0.18,11.04,26.61,30.7,25.95,5.5,55.48,44.43,0.1,0.51,16.45,32.93,25.32,24.71,0.08,96.69,2.96,0.36,3,1
"211","26-027",45,27.18,32.19,118.41,4.89,62.37,37.56,0.07,0.16,11.34,27.58,29.54,25.83,5.55,54.25,45.63,0.12,0.4,15.66,33.73,25.16,24.94,0.1,2,30.28,31.4,103.7,7.81,63.12,36.85,0.03,0.18,11.04,26.61,30.7,25.95,5.5,55.48,44.43,0.1,0.51,16.45,32.93,25.32,24.71,0.08,96.69,2.96,0.36,3,1
"212","26-028",45,27.18,32.19,118.41,4.89,62.37,37.56,0.07,0.16,11.34,27.58,29.54,25.83,5.55,54.25,45.63,0.12,0.4,15.66,33.73,25.16,24.94,0.1,2,30.28,31.4,103.7,7.81,63.12,36.85,0.03,0.18,11.04,26.61,30.7,25.95,5.5,55.48,44.43,0.1,0.51,16.45,32.93,25.32,24.71,0.08,96.69,2.96,0.36,3,1
"213","26-029",45,27.18,32.19,118.41,4.89,62.37,37.56,0.07,0.16,11.34,27.58,29.54,25.83,5.55,54.25,45.63,0.12,0.4,15.66,33.73,25.16,24.94,0.1,2,30.28,31.4,103.7,7.81,63.12,36.85,0.03,0.18,11.04,26.61,30.7,25.95,5.5,55.48,44.43,0.1,0.51,16.45,32.93,25.32,24.71,0.08,96.69,2.96,0.36,3,1
"214","26-030",45,27.18,32.19,118.41,4.89,62.37,37.56,0.07,0.16,11.34,27.58,29.54,25.83,5.55,54.25,45.63,0.12,0.4,15.66,33.73,25.16,24.94,0.1,2,30.28,31.4,103.7,7.81,63.12,36.85,0.03,0.18,11.04,26.61,30.7,25.95,5.5,55.48,44.43,0.1,0.51,16.45,32.93,25.32,24.71,0.08,96.69,2.96,0.36,3,1
"215","26-031",45,27.18,32.19,118.41,4.89,62.37,37.56,0.07,0.16,11.34,27.58,29.54,25.83,5.55,54.25,45.63,0.12,0.4,15.66,33.73,25.16,24.94,0.1,2,30.28,31.4,103.7,7.81,63.12,36.85,0.03,0.18,11.04,26.61,30.7,25.95,5.5,55.48,44.43,0.1,0.51,16.45,32.93,25.32,24.71,0.08,96.69,2.96,0.36,3,1
"216","26-032",45,27.18,32.19,118.41,4.89,62.37,37.56,0.07,0.16,11.34,27.58,29.54,25.83,5.55,54.25,45.63,0.12,0.4,15.66,33.73,25.16,24.94,0.1,13,23.58,26.77,113.55,9.84,63.93,35.98,0.09,0.19,12.15,25.32,29.5,27.24,5.61,54.29,45.58,0.13,0.34,16.28,33.57,25.19,24.47,0.14,97.03,2.53,0.44,7,0
"217","26-033",45,27.18,32.19,118.41,4.89,62.37,37.56,0.07,0.16,11.34,27.58,29.54,25.83,5.55,54.25,45.63,0.12,0.4,15.66,33.73,25.16,24.94,0.1,13,23.58,26.77,113.55,9.84,63.93,35.98,0.09,0.19,12.15,25.32,29.5,27.24,5.61,54.29,45.58,0.13,0.34,16.28,33.57,25.19,24.47,0.14,97.03,2.53,0.44,7,0
"218","27-001",45,27.18,32.19,118.41,4.89,62.37,37.56,0.07,0.16,11.34,27.58,29.54,25.83,5.55,54.25,45.63,0.12,0.4,15.66,33.73,25.16,24.94,0.1,3,33.59,38.84,115.64,3.41,61.52,38.42,0.06,0.19,10.54,30.44,26.86,26.84,5.13,55,44.9,0.09,0.48,14.97,33.84,23.72,26.92,0.07,97.21,2.43,0.37,3,1
"219","27-002",45,27.18,32.19,118.41,4.89,62.37,37.56,0.07,0.16,11.34,27.58,29.54,25.83,5.55,54.25,45.63,0.12,0.4,15.66,33.73,25.16,24.94,0.1,3,33.59,38.84,115.64,3.41,61.52,38.42,0.06,0.19,10.54,30.44,26.86,26.84,5.13,55,44.9,0.09,0.48,14.97,33.84,23.72,26.92,0.07,97.21,2.43,0.37,3,1
"220","27-003",45,27.18,32.19,118.41,4.89,62.37,37.56,0.07,0.16,11.34,27.58,29.54,25.83,5.55,54.25,45.63,0.12,0.4,15.66,33.73,25.16,24.94,0.1,3,33.59,38.84,115.64,3.41,61.52,38.42,0.06,0.19,10.54,30.44,26.86,26.84,5.13,55,44.9,0.09,0.48,14.97,33.84,23.72,26.92,0.07,97.21,2.43,0.37,3,1
"221","27-004",45,27.18,32.19,118.41,4.89,62.37,37.56,0.07,0.16,11.34,27.58,29.54,25.83,5.55,54.25,45.63,0.12,0.4,15.66,33.73,25.16,24.94,0.1,3,33.59,38.84,115.64,3.41,61.52,38.42,0.06,0.19,10.54,30.44,26.86,26.84,5.13,55,44.9,0.09,0.48,14.97,33.84,23.72,26.92,0.07,97.21,2.43,0.37,3,1
"222","27-005",45,27.18,32.19,118.41,4.89,62.37,37.56,0.07,0.16,11.34,27.58,29.54,25.83,5.55,54.25,45.63,0.12,0.4,15.66,33.73,25.16,24.94,0.1,3,33.59,38.84,115.64,3.41,61.52,38.42,0.06,0.19,10.54,30.44,26.86,26.84,5.13,55,44.9,0.09,0.48,14.97,33.84,23.72,26.92,0.07,97.21,2.43,0.37,3,1
"223","27-006",45,27.18,32.19,118.41,4.89,62.37,37.56,0.07,0.16,11.34,27.58,29.54,25.83,5.55,54.25,45.63,0.12,0.4,15.66,33.73,25.16,24.94,0.1,2,30.28,31.4,103.7,7.81,63.12,36.85,0.03,0.18,11.04,26.61,30.7,25.95,5.5,55.48,44.43,0.1,0.51,16.45,32.93,25.32,24.71,0.08,96.69,2.96,0.36,3,1
"224","27-007",45,27.18,32.19,118.41,4.89,62.37,37.56,0.07,0.16,11.34,27.58,29.54,25.83,5.55,54.25,45.63,0.12,0.4,15.66,33.73,25.16,24.94,0.1,2,30.28,31.4,103.7,7.81,63.12,36.85,0.03,0.18,11.04,26.61,30.7,25.95,5.5,55.48,44.43,0.1,0.51,16.45,32.93,25.32,24.71,0.08,96.69,2.96,0.36,3,1
"225","27-008",45,27.18,32.19,118.41,4.89,62.37,37.56,0.07,0.16,11.34,27.58,29.54,25.83,5.55,54.25,45.63,0.12,0.4,15.66,33.73,25.16,24.94,0.1,2,30.28,31.4,103.7,7.81,63.12,36.85,0.03,0.18,11.04,26.61,30.7,25.95,5.5,55.48,44.43,0.1,0.51,16.45,32.93,25.32,24.71,0.08,96.69,2.96,0.36,3,1
"226","27-009",45,27.18,32.19,118.41,4.89,62.37,37.56,0.07,0.16,11.34,27.58,29.54,25.83,5.55,54.25,45.63,0.12,0.4,15.66,33.73,25.16,24.94,0.1,3,33.59,38.84,115.64,3.41,61.52,38.42,0.06,0.19,10.54,30.44,26.86,26.84,5.13,55,44.9,0.09,0.48,14.97,33.84,23.72,26.92,0.07,97.21,2.43,0.37,3,1
"227","27-010",45,27.18,32.19,118.41,4.89,62.37,37.56,0.07,0.16,11.34,27.58,29.54,25.83,5.55,54.25,45.63,0.12,0.4,15.66,33.73,25.16,24.94,0.1,2,30.28,31.4,103.7,7.81,63.12,36.85,0.03,0.18,11.04,26.61,30.7,25.95,5.5,55.48,44.43,0.1,0.51,16.45,32.93,25.32,24.71,0.08,96.69,2.96,0.36,3,1
"228","27-011",45,27.18,32.19,118.41,4.89,62.37,37.56,0.07,0.16,11.34,27.58,29.54,25.83,5.55,54.25,45.63,0.12,0.4,15.66,33.73,25.16,24.94,0.1,3,33.59,38.84,115.64,3.41,61.52,38.42,0.06,0.19,10.54,30.44,26.86,26.84,5.13,55,44.9,0.09,0.48,14.97,33.84,23.72,26.92,0.07,97.21,2.43,0.37,3,1
"229","27-012",43,30.7,35.68,116.2,4.15,61.13,38.77,0.09,0.21,11.57,28.28,25.93,28.76,5.25,54.55,45.3,0.15,0.41,15.7,34.92,22.61,26.27,0.08,3,33.59,38.84,115.64,3.41,61.52,38.42,0.06,0.19,10.54,30.44,26.86,26.84,5.13,55,44.9,0.09,0.48,14.97,33.84,23.72,26.92,0.07,97.21,2.43,0.37,3,1
"230","27-013",43,30.7,35.68,116.2,4.15,61.13,38.77,0.09,0.21,11.57,28.28,25.93,28.76,5.25,54.55,45.3,0.15,0.41,15.7,34.92,22.61,26.27,0.08,3,33.59,38.84,115.64,3.41,61.52,38.42,0.06,0.19,10.54,30.44,26.86,26.84,5.13,55,44.9,0.09,0.48,14.97,33.84,23.72,26.92,0.07,97.21,2.43,0.37,3,1
"231","27-014",45,27.18,32.19,118.41,4.89,62.37,37.56,0.07,0.16,11.34,27.58,29.54,25.83,5.55,54.25,45.63,0.12,0.4,15.66,33.73,25.16,24.94,0.1,3,33.59,38.84,115.64,3.41,61.52,38.42,0.06,0.19,10.54,30.44,26.86,26.84,5.13,55,44.9,0.09,0.48,14.97,33.84,23.72,26.92,0.07,97.21,2.43,0.37,3,1
"232","27-015",43,30.7,35.68,116.2,4.15,61.13,38.77,0.09,0.21,11.57,28.28,25.93,28.76,5.25,54.55,45.3,0.15,0.41,15.7,34.92,22.61,26.27,0.08,3,33.59,38.84,115.64,3.41,61.52,38.42,0.06,0.19,10.54,30.44,26.86,26.84,5.13,55,44.9,0.09,0.48,14.97,33.84,23.72,26.92,0.07,97.21,2.43,0.37,3,1
"233","27-016",43,30.7,35.68,116.2,4.15,61.13,38.77,0.09,0.21,11.57,28.28,25.93,28.76,5.25,54.55,45.3,0.15,0.41,15.7,34.92,22.61,26.27,0.08,3,33.59,38.84,115.64,3.41,61.52,38.42,0.06,0.19,10.54,30.44,26.86,26.84,5.13,55,44.9,0.09,0.48,14.97,33.84,23.72,26.92,0.07,97.21,2.43,0.37,3,1
"234","27-017",43,30.7,35.68,116.2,4.15,61.13,38.77,0.09,0.21,11.57,28.28,25.93,28.76,5.25,54.55,45.3,0.15,0.41,15.7,34.92,22.61,26.27,0.08,3,33.59,38.84,115.64,3.41,61.52,38.42,0.06,0.19,10.54,30.44,26.86,26.84,5.13,55,44.9,0.09,0.48,14.97,33.84,23.72,26.92,0.07,97.21,2.43,0.37,3,1
"235","27-018",43,30.7,35.68,116.2,4.15,61.13,38.77,0.09,0.21,11.57,28.28,25.93,28.76,5.25,54.55,45.3,0.15,0.41,15.7,34.92,22.61,26.27,0.08,3,33.59,38.84,115.64,3.41,61.52,38.42,0.06,0.19,10.54,30.44,26.86,26.84,5.13,55,44.9,0.09,0.48,14.97,33.84,23.72,26.92,0.07,97.21,2.43,0.37,3,1
"236","27-019",43,30.7,35.68,116.2,4.15,61.13,38.77,0.09,0.21,11.57,28.28,25.93,28.76,5.25,54.55,45.3,0.15,0.41,15.7,34.92,22.61,26.27,0.08,4,33.56,40.24,119.9,2.97,62.46,37.45,0.09,0.24,10.59,25.68,28.98,29.39,5.12,56.28,43.6,0.12,0.55,14.76,32.61,24.69,27.32,0.06,97.36,2.32,0.31,10,0
"237","27-020",43,30.7,35.68,116.2,4.15,61.13,38.77,0.09,0.21,11.57,28.28,25.93,28.76,5.25,54.55,45.3,0.15,0.41,15.7,34.92,22.61,26.27,0.08,4,33.56,40.24,119.9,2.97,62.46,37.45,0.09,0.24,10.59,25.68,28.98,29.39,5.12,56.28,43.6,0.12,0.55,14.76,32.61,24.69,27.32,0.06,97.36,2.32,0.31,10,0
"238","27-021",43,30.7,35.68,116.2,4.15,61.13,38.77,0.09,0.21,11.57,28.28,25.93,28.76,5.25,54.55,45.3,0.15,0.41,15.7,34.92,22.61,26.27,0.08,4,33.56,40.24,119.9,2.97,62.46,37.45,0.09,0.24,10.59,25.68,28.98,29.39,5.12,56.28,43.6,0.12,0.55,14.76,32.61,24.69,27.32,0.06,97.36,2.32,0.31,10,0
"239","27-022",43,30.7,35.68,116.2,4.15,61.13,38.77,0.09,0.21,11.57,28.28,25.93,28.76,5.25,54.55,45.3,0.15,0.41,15.7,34.92,22.61,26.27,0.08,3,33.59,38.84,115.64,3.41,61.52,38.42,0.06,0.19,10.54,30.44,26.86,26.84,5.13,55,44.9,0.09,0.48,14.97,33.84,23.72,26.92,0.07,97.21,2.43,0.37,3,1
"240","27-023",43,30.7,35.68,116.2,4.15,61.13,38.77,0.09,0.21,11.57,28.28,25.93,28.76,5.25,54.55,45.3,0.15,0.41,15.7,34.92,22.61,26.27,0.08,3,33.59,38.84,115.64,3.41,61.52,38.42,0.06,0.19,10.54,30.44,26.86,26.84,5.13,55,44.9,0.09,0.48,14.97,33.84,23.72,26.92,0.07,97.21,2.43,0.37,3,1
"241","27-024",43,30.7,35.68,116.2,4.15,61.13,38.77,0.09,0.21,11.57,28.28,25.93,28.76,5.25,54.55,45.3,0.15,0.41,15.7,34.92,22.61,26.27,0.08,3,33.59,38.84,115.64,3.41,61.52,38.42,0.06,0.19,10.54,30.44,26.86,26.84,5.13,55,44.9,0.09,0.48,14.97,33.84,23.72,26.92,0.07,97.21,2.43,0.37,3,1
"242","27-025",43,30.7,35.68,116.2,4.15,61.13,38.77,0.09,0.21,11.57,28.28,25.93,28.76,5.25,54.55,45.3,0.15,0.41,15.7,34.92,22.61,26.27,0.08,3,33.59,38.84,115.64,3.41,61.52,38.42,0.06,0.19,10.54,30.44,26.86,26.84,5.13,55,44.9,0.09,0.48,14.97,33.84,23.72,26.92,0.07,97.21,2.43,0.37,3,1
"243","27-026",43,30.7,35.68,116.2,4.15,61.13,38.77,0.09,0.21,11.57,28.28,25.93,28.76,5.25,54.55,45.3,0.15,0.41,15.7,34.92,22.61,26.27,0.08,3,33.59,38.84,115.64,3.41,61.52,38.42,0.06,0.19,10.54,30.44,26.86,26.84,5.13,55,44.9,0.09,0.48,14.97,33.84,23.72,26.92,0.07,97.21,2.43,0.37,3,1
"244","27-027",43,30.7,35.68,116.2,4.15,61.13,38.77,0.09,0.21,11.57,28.28,25.93,28.76,5.25,54.55,45.3,0.15,0.41,15.7,34.92,22.61,26.27,0.08,4,33.56,40.24,119.9,2.97,62.46,37.45,0.09,0.24,10.59,25.68,28.98,29.39,5.12,56.28,43.6,0.12,0.55,14.76,32.61,24.69,27.32,0.06,97.36,2.32,0.31,10,0
"245","27-028",43,30.7,35.68,116.2,4.15,61.13,38.77,0.09,0.21,11.57,28.28,25.93,28.76,5.25,54.55,45.3,0.15,0.41,15.7,34.92,22.61,26.27,0.08,4,33.56,40.24,119.9,2.97,62.46,37.45,0.09,0.24,10.59,25.68,28.98,29.39,5.12,56.28,43.6,0.12,0.55,14.76,32.61,24.69,27.32,0.06,97.36,2.32,0.31,10,0
"246","27-029",43,30.7,35.68,116.2,4.15,61.13,38.77,0.09,0.21,11.57,28.28,25.93,28.76,5.25,54.55,45.3,0.15,0.41,15.7,34.92,22.61,26.27,0.08,4,33.56,40.24,119.9,2.97,62.46,37.45,0.09,0.24,10.59,25.68,28.98,29.39,5.12,56.28,43.6,0.12,0.55,14.76,32.61,24.69,27.32,0.06,97.36,2.32,0.31,10,0
"247","27-030",43,30.7,35.68,116.2,4.15,61.13,38.77,0.09,0.21,11.57,28.28,25.93,28.76,5.25,54.55,45.3,0.15,0.41,15.7,34.92,22.61,26.27,0.08,4,33.56,40.24,119.9,2.97,62.46,37.45,0.09,0.24,10.59,25.68,28.98,29.39,5.12,56.28,43.6,0.12,0.55,14.76,32.61,24.69,27.32,0.06,97.36,2.32,0.31,10,0
"248","27-031",43,30.7,35.68,116.2,4.15,61.13,38.77,0.09,0.21,11.57,28.28,25.93,28.76,5.25,54.55,45.3,0.15,0.41,15.7,34.92,22.61,26.27,0.08,4,33.56,40.24,119.9,2.97,62.46,37.45,0.09,0.24,10.59,25.68,28.98,29.39,5.12,56.28,43.6,0.12,0.55,14.76,32.61,24.69,27.32,0.06,97.36,2.32,0.31,10,0
"249","27-032",43,30.7,35.68,116.2,4.15,61.13,38.77,0.09,0.21,11.57,28.28,25.93,28.76,5.25,54.55,45.3,0.15,0.41,15.7,34.92,22.61,26.27,0.08,4,33.56,40.24,119.9,2.97,62.46,37.45,0.09,0.24,10.59,25.68,28.98,29.39,5.12,56.28,43.6,0.12,0.55,14.76,32.61,24.69,27.32,0.06,97.36,2.32,0.31,10,0
"250","27-033",43,30.7,35.68,116.2,4.15,61.13,38.77,0.09,0.21,11.57,28.28,25.93,28.76,5.25,54.55,45.3,0.15,0.41,15.7,34.92,22.61,26.27,0.08,4,33.56,40.24,119.9,2.97,62.46,37.45,0.09,0.24,10.59,25.68,28.98,29.39,5.12,56.28,43.6,0.12,0.55,14.76,32.61,24.69,27.32,0.06,97.36,2.32,0.31,10,0
"251","27-034",43,30.7,35.68,116.2,4.15,61.13,38.77,0.09,0.21,11.57,28.28,25.93,28.76,5.25,54.55,45.3,0.15,0.41,15.7,34.92,22.61,26.27,0.08,4,33.56,40.24,119.9,2.97,62.46,37.45,0.09,0.24,10.59,25.68,28.98,29.39,5.12,56.28,43.6,0.12,0.55,14.76,32.61,24.69,27.32,0.06,97.36,2.32,0.31,10,0
"252","27-035",43,30.7,35.68,116.2,4.15,61.13,38.77,0.09,0.21,11.57,28.28,25.93,28.76,5.25,54.55,45.3,0.15,0.41,15.7,34.92,22.61,26.27,0.08,4,33.56,40.24,119.9,2.97,62.46,37.45,0.09,0.24,10.59,25.68,28.98,29.39,5.12,56.28,43.6,0.12,0.55,14.76,32.61,24.69,27.32,0.06,97.36,2.32,0.31,10,0
"253","27-036",43,30.7,35.68,116.2,4.15,61.13,38.77,0.09,0.21,11.57,28.28,25.93,28.76,5.25,54.55,45.3,0.15,0.41,15.7,34.92,22.61,26.27,0.08,4,33.56,40.24,119.9,2.97,62.46,37.45,0.09,0.24,10.59,25.68,28.98,29.39,5.12,56.28,43.6,0.12,0.55,14.76,32.61,24.69,27.32,0.06,97.36,2.32,0.31,10,0
"254","27-037",43,30.7,35.68,116.2,4.15,61.13,38.77,0.09,0.21,11.57,28.28,25.93,28.76,5.25,54.55,45.3,0.15,0.41,15.7,34.92,22.61,26.27,0.08,4,33.56,40.24,119.9,2.97,62.46,37.45,0.09,0.24,10.59,25.68,28.98,29.39,5.12,56.28,43.6,0.12,0.55,14.76,32.61,24.69,27.32,0.06,97.36,2.32,0.31,10,0
"255","27-038",43,30.7,35.68,116.2,4.15,61.13,38.77,0.09,0.21,11.57,28.28,25.93,28.76,5.25,54.55,45.3,0.15,0.41,15.7,34.92,22.61,26.27,0.08,4,33.56,40.24,119.9,2.97,62.46,37.45,0.09,0.24,10.59,25.68,28.98,29.39,5.12,56.28,43.6,0.12,0.55,14.76,32.61,24.69,27.32,0.06,97.36,2.32,0.31,10,0
"256","27-039",43,30.7,35.68,116.2,4.15,61.13,38.77,0.09,0.21,11.57,28.28,25.93,28.76,5.25,54.55,45.3,0.15,0.41,15.7,34.92,22.61,26.27,0.08,4,33.56,40.24,119.9,2.97,62.46,37.45,0.09,0.24,10.59,25.68,28.98,29.39,5.12,56.28,43.6,0.12,0.55,14.76,32.61,24.69,27.32,0.06,97.36,2.32,0.31,10,0
"257","27-040",43,30.7,35.68,116.2,4.15,61.13,38.77,0.09,0.21,11.57,28.28,25.93,28.76,5.25,54.55,45.3,0.15,0.41,15.7,34.92,22.61,26.27,0.08,4,33.56,40.24,119.9,2.97,62.46,37.45,0.09,0.24,10.59,25.68,28.98,29.39,5.12,56.28,43.6,0.12,0.55,14.76,32.61,24.69,27.32,0.06,97.36,2.32,0.31,10,0
"258","27-041",43,30.7,35.68,116.2,4.15,61.13,38.77,0.09,0.21,11.57,28.28,25.93,28.76,5.25,54.55,45.3,0.15,0.41,15.7,34.92,22.61,26.27,0.08,4,33.56,40.24,119.9,2.97,62.46,37.45,0.09,0.24,10.59,25.68,28.98,29.39,5.12,56.28,43.6,0.12,0.55,14.76,32.61,24.69,27.32,0.06,97.36,2.32,0.31,10,0
"259","27-042",41,31.37,37.29,118.87,3.85,61.35,38.57,0.08,0.26,10.46,22.92,26.66,34.77,4.93,55.3,44.57,0.13,0.43,13.96,29.02,22.95,33.54,0.09,5,33.15,41.5,125.18,5.28,59.82,40.05,0.13,0.36,11.34,22.58,25.09,35.96,4.68,55.47,44.33,0.2,0.5,13.96,28.75,21.05,35.69,0.05,96.95,2.72,0.33,2,1
"260","27-043",41,31.37,37.29,118.87,3.85,61.35,38.57,0.08,0.26,10.46,22.92,26.66,34.77,4.93,55.3,44.57,0.13,0.43,13.96,29.02,22.95,33.54,0.09,6,28.3,33.31,117.7,3.06,62.96,37,0.04,0.17,9.24,22.49,27.81,35.46,4.83,54.51,45.38,0.1,0.39,13.04,28.72,25.36,32.35,0.13,96.44,3.19,0.37,3,1
"261","27-044",41,31.37,37.29,118.87,3.85,61.35,38.57,0.08,0.26,10.46,22.92,26.66,34.77,4.93,55.3,44.57,0.13,0.43,13.96,29.02,22.95,33.54,0.09,6,28.3,33.31,117.7,3.06,62.96,37,0.04,0.17,9.24,22.49,27.81,35.46,4.83,54.51,45.38,0.1,0.39,13.04,28.72,25.36,32.35,0.13,96.44,3.19,0.37,3,1
"262","27-045",41,31.37,37.29,118.87,3.85,61.35,38.57,0.08,0.26,10.46,22.92,26.66,34.77,4.93,55.3,44.57,0.13,0.43,13.96,29.02,22.95,33.54,0.09,6,28.3,33.31,117.7,3.06,62.96,37,0.04,0.17,9.24,22.49,27.81,35.46,4.83,54.51,45.38,0.1,0.39,13.04,28.72,25.36,32.35,0.13,96.44,3.19,0.37,3,1
"263","27-046",41,31.37,37.29,118.87,3.85,61.35,38.57,0.08,0.26,10.46,22.92,26.66,34.77,4.93,55.3,44.57,0.13,0.43,13.96,29.02,22.95,33.54,0.09,14,29.7,34.25,115.32,4.83,59.01,40.92,0.07,0.2,11.17,31,21.82,30.71,5.1,53.94,45.88,0.18,0.31,15.42,37.29,19.18,27.72,0.08,97.82,1.83,0.34,4,1
"264","27-047",41,31.37,37.29,118.87,3.85,61.35,38.57,0.08,0.26,10.46,22.92,26.66,34.77,4.93,55.3,44.57,0.13,0.43,13.96,29.02,22.95,33.54,0.09,7,25.29,32.39,128.11,2.47,61.28,38.62,0.09,0.12,11.31,28.75,27.48,27.12,5.23,53.41,46.44,0.15,0.32,14.31,33.38,24.92,26.84,0.24,96.82,2.69,0.48,5,1
"265","27-048",41,31.37,37.29,118.87,3.85,61.35,38.57,0.08,0.26,10.46,22.92,26.66,34.77,4.93,55.3,44.57,0.13,0.43,13.96,29.02,22.95,33.54,0.09,6,28.3,33.31,117.7,3.06,62.96,37,0.04,0.17,9.24,22.49,27.81,35.46,4.83,54.51,45.38,0.1,0.39,13.04,28.72,25.36,32.35,0.13,96.44,3.19,0.37,3,1
"266","27-049",41,31.37,37.29,118.87,3.85,61.35,38.57,0.08,0.26,10.46,22.92,26.66,34.77,4.93,55.3,44.57,0.13,0.43,13.96,29.02,22.95,33.54,0.09,5,33.15,41.5,125.18,5.28,59.82,40.05,0.13,0.36,11.34,22.58,25.09,35.96,4.68,55.47,44.33,0.2,0.5,13.96,28.75,21.05,35.69,0.05,96.95,2.72,0.33,2,1
"267","27-050",41,31.37,37.29,118.87,3.85,61.35,38.57,0.08,0.26,10.46,22.92,26.66,34.77,4.93,55.3,44.57,0.13,0.43,13.96,29.02,22.95,33.54,0.09,5,33.15,41.5,125.18,5.28,59.82,40.05,0.13,0.36,11.34,22.58,25.09,35.96,4.68,55.47,44.33,0.2,0.5,13.96,28.75,21.05,35.69,0.05,96.95,2.72,0.33,2,1
"268","27-051",41,31.37,37.29,118.87,3.85,61.35,38.57,0.08,0.26,10.46,22.92,26.66,34.77,4.93,55.3,44.57,0.13,0.43,13.96,29.02,22.95,33.54,0.09,5,33.15,41.5,125.18,5.28,59.82,40.05,0.13,0.36,11.34,22.58,25.09,35.96,4.68,55.47,44.33,0.2,0.5,13.96,28.75,21.05,35.69,0.05,96.95,2.72,0.33,2,1
"269","27-052",41,31.37,37.29,118.87,3.85,61.35,38.57,0.08,0.26,10.46,22.92,26.66,34.77,4.93,55.3,44.57,0.13,0.43,13.96,29.02,22.95,33.54,0.09,6,28.3,33.31,117.7,3.06,62.96,37,0.04,0.17,9.24,22.49,27.81,35.46,4.83,54.51,45.38,0.1,0.39,13.04,28.72,25.36,32.35,0.13,96.44,3.19,0.37,3,1
"270","27-053",40,21.95,27.23,124.05,4.16,60.4,39.5,0.1,0.11,12.23,27.73,26.74,27.99,5.2,53.17,46.66,0.17,0.28,15.07,34.97,23.37,26.11,0.19,6,28.3,33.31,117.7,3.06,62.96,37,0.04,0.17,9.24,22.49,27.81,35.46,4.83,54.51,45.38,0.1,0.39,13.04,28.72,25.36,32.35,0.13,96.44,3.19,0.37,3,1
"271","27-054",40,21.95,27.23,124.05,4.16,60.4,39.5,0.1,0.11,12.23,27.73,26.74,27.99,5.2,53.17,46.66,0.17,0.28,15.07,34.97,23.37,26.11,0.19,6,28.3,33.31,117.7,3.06,62.96,37,0.04,0.17,9.24,22.49,27.81,35.46,4.83,54.51,45.38,0.1,0.39,13.04,28.72,25.36,32.35,0.13,96.44,3.19,0.37,3,1
"272","27-055",41,31.37,37.29,118.87,3.85,61.35,38.57,0.08,0.26,10.46,22.92,26.66,34.77,4.93,55.3,44.57,0.13,0.43,13.96,29.02,22.95,33.54,0.09,6,28.3,33.31,117.7,3.06,62.96,37,0.04,0.17,9.24,22.49,27.81,35.46,4.83,54.51,45.38,0.1,0.39,13.04,28.72,25.36,32.35,0.13,96.44,3.19,0.37,3,1
"273","27-056",41,31.37,37.29,118.87,3.85,61.35,38.57,0.08,0.26,10.46,22.92,26.66,34.77,4.93,55.3,44.57,0.13,0.43,13.96,29.02,22.95,33.54,0.09,6,28.3,33.31,117.7,3.06,62.96,37,0.04,0.17,9.24,22.49,27.81,35.46,4.83,54.51,45.38,0.1,0.39,13.04,28.72,25.36,32.35,0.13,96.44,3.19,0.37,3,1
"274","27-057",41,31.37,37.29,118.87,3.85,61.35,38.57,0.08,0.26,10.46,22.92,26.66,34.77,4.93,55.3,44.57,0.13,0.43,13.96,29.02,22.95,33.54,0.09,5,33.15,41.5,125.18,5.28,59.82,40.05,0.13,0.36,11.34,22.58,25.09,35.96,4.68,55.47,44.33,0.2,0.5,13.96,28.75,21.05,35.69,0.05,96.95,2.72,0.33,2,1
"275","27-058",41,31.37,37.29,118.87,3.85,61.35,38.57,0.08,0.26,10.46,22.92,26.66,34.77,4.93,55.3,44.57,0.13,0.43,13.96,29.02,22.95,33.54,0.09,6,28.3,33.31,117.7,3.06,62.96,37,0.04,0.17,9.24,22.49,27.81,35.46,4.83,54.51,45.38,0.1,0.39,13.04,28.72,25.36,32.35,0.13,96.44,3.19,0.37,3,1
"276","27-059",41,31.37,37.29,118.87,3.85,61.35,38.57,0.08,0.26,10.46,22.92,26.66,34.77,4.93,55.3,44.57,0.13,0.43,13.96,29.02,22.95,33.54,0.09,5,33.15,41.5,125.18,5.28,59.82,40.05,0.13,0.36,11.34,22.58,25.09,35.96,4.68,55.47,44.33,0.2,0.5,13.96,28.75,21.05,35.69,0.05,96.95,2.72,0.33,2,1
"277","27-060",41,31.37,37.29,118.87,3.85,61.35,38.57,0.08,0.26,10.46,22.92,26.66,34.77,4.93,55.3,44.57,0.13,0.43,13.96,29.02,22.95,33.54,0.09,5,33.15,41.5,125.18,5.28,59.82,40.05,0.13,0.36,11.34,22.58,25.09,35.96,4.68,55.47,44.33,0.2,0.5,13.96,28.75,21.05,35.69,0.05,96.95,2.72,0.33,2,1
"278","27-061",41,31.37,37.29,118.87,3.85,61.35,38.57,0.08,0.26,10.46,22.92,26.66,34.77,4.93,55.3,44.57,0.13,0.43,13.96,29.02,22.95,33.54,0.09,5,33.15,41.5,125.18,5.28,59.82,40.05,0.13,0.36,11.34,22.58,25.09,35.96,4.68,55.47,44.33,0.2,0.5,13.96,28.75,21.05,35.69,0.05,96.95,2.72,0.33,2,1
"279","27-062",41,31.37,37.29,118.87,3.85,61.35,38.57,0.08,0.26,10.46,22.92,26.66,34.77,4.93,55.3,44.57,0.13,0.43,13.96,29.02,22.95,33.54,0.09,5,33.15,41.5,125.18,5.28,59.82,40.05,0.13,0.36,11.34,22.58,25.09,35.96,4.68,55.47,44.33,0.2,0.5,13.96,28.75,21.05,35.69,0.05,96.95,2.72,0.33,2,1
"280","27-063",41,31.37,37.29,118.87,3.85,61.35,38.57,0.08,0.26,10.46,22.92,26.66,34.77,4.93,55.3,44.57,0.13,0.43,13.96,29.02,22.95,33.54,0.09,5,33.15,41.5,125.18,5.28,59.82,40.05,0.13,0.36,11.34,22.58,25.09,35.96,4.68,55.47,44.33,0.2,0.5,13.96,28.75,21.05,35.69,0.05,96.95,2.72,0.33,2,1
"281","27-064",41,31.37,37.29,118.87,3.85,61.35,38.57,0.08,0.26,10.46,22.92,26.66,34.77,4.93,55.3,44.57,0.13,0.43,13.96,29.02,22.95,33.54,0.09,5,33.15,41.5,125.18,5.28,59.82,40.05,0.13,0.36,11.34,22.58,25.09,35.96,4.68,55.47,44.33,0.2,0.5,13.96,28.75,21.05,35.69,0.05,96.95,2.72,0.33,2,1
"282","27-065",41,31.37,37.29,118.87,3.85,61.35,38.57,0.08,0.26,10.46,22.92,26.66,34.77,4.93,55.3,44.57,0.13,0.43,13.96,29.02,22.95,33.54,0.09,5,33.15,41.5,125.18,5.28,59.82,40.05,0.13,0.36,11.34,22.58,25.09,35.96,4.68,55.47,44.33,0.2,0.5,13.96,28.75,21.05,35.69,0.05,96.95,2.72,0.33,2,1
"283","27-066",41,31.37,37.29,118.87,3.85,61.35,38.57,0.08,0.26,10.46,22.92,26.66,34.77,4.93,55.3,44.57,0.13,0.43,13.96,29.02,22.95,33.54,0.09,5,33.15,41.5,125.18,5.28,59.82,40.05,0.13,0.36,11.34,22.58,25.09,35.96,4.68,55.47,44.33,0.2,0.5,13.96,28.75,21.05,35.69,0.05,96.95,2.72,0.33,2,1
"284","27-067",41,31.37,37.29,118.87,3.85,61.35,38.57,0.08,0.26,10.46,22.92,26.66,34.77,4.93,55.3,44.57,0.13,0.43,13.96,29.02,22.95,33.54,0.09,5,33.15,41.5,125.18,5.28,59.82,40.05,0.13,0.36,11.34,22.58,25.09,35.96,4.68,55.47,44.33,0.2,0.5,13.96,28.75,21.05,35.69,0.05,96.95,2.72,0.33,2,1
"285","28-001",41,31.37,37.29,118.87,3.85,61.35,38.57,0.08,0.26,10.46,22.92,26.66,34.77,4.93,55.3,44.57,0.13,0.43,13.96,29.02,22.95,33.54,0.09,5,33.15,41.5,125.18,5.28,59.82,40.05,0.13,0.36,11.34,22.58,25.09,35.96,4.68,55.47,44.33,0.2,0.5,13.96,28.75,21.05,35.69,0.05,96.95,2.72,0.33,2,1
"286","28-002",41,31.37,37.29,118.87,3.85,61.35,38.57,0.08,0.26,10.46,22.92,26.66,34.77,4.93,55.3,44.57,0.13,0.43,13.96,29.02,22.95,33.54,0.09,5,33.15,41.5,125.18,5.28,59.82,40.05,0.13,0.36,11.34,22.58,25.09,35.96,4.68,55.47,44.33,0.2,0.5,13.96,28.75,21.05,35.69,0.05,96.95,2.72,0.33,2,1
"287","28-003",41,31.37,37.29,118.87,3.85,61.35,38.57,0.08,0.26,10.46,22.92,26.66,34.77,4.93,55.3,44.57,0.13,0.43,13.96,29.02,22.95,33.54,0.09,6,28.3,33.31,117.7,3.06,62.96,37,0.04,0.17,9.24,22.49,27.81,35.46,4.83,54.51,45.38,0.1,0.39,13.04,28.72,25.36,32.35,0.13,96.44,3.19,0.37,3,1
"288","28-004",41,31.37,37.29,118.87,3.85,61.35,38.57,0.08,0.26,10.46,22.92,26.66,34.77,4.93,55.3,44.57,0.13,0.43,13.96,29.02,22.95,33.54,0.09,5,33.15,41.5,125.18,5.28,59.82,40.05,0.13,0.36,11.34,22.58,25.09,35.96,4.68,55.47,44.33,0.2,0.5,13.96,28.75,21.05,35.69,0.05,96.95,2.72,0.33,2,1
"289","28-005",41,31.37,37.29,118.87,3.85,61.35,38.57,0.08,0.26,10.46,22.92,26.66,34.77,4.93,55.3,44.57,0.13,0.43,13.96,29.02,22.95,33.54,0.09,5,33.15,41.5,125.18,5.28,59.82,40.05,0.13,0.36,11.34,22.58,25.09,35.96,4.68,55.47,44.33,0.2,0.5,13.96,28.75,21.05,35.69,0.05,96.95,2.72,0.33,2,1
"290","28-006",41,31.37,37.29,118.87,3.85,61.35,38.57,0.08,0.26,10.46,22.92,26.66,34.77,4.93,55.3,44.57,0.13,0.43,13.96,29.02,22.95,33.54,0.09,8,29.93,35.8,119.58,2.48,63.85,36.1,0.06,0.16,10.63,23.07,29.25,31.58,5.31,55.94,43.96,0.1,0.35,15.73,30.1,24.57,29.16,0.1,96.06,3.68,0.26,2,0
"291","28-007",41,31.37,37.29,118.87,3.85,61.35,38.57,0.08,0.26,10.46,22.92,26.66,34.77,4.93,55.3,44.57,0.13,0.43,13.96,29.02,22.95,33.54,0.09,8,29.93,35.8,119.58,2.48,63.85,36.1,0.06,0.16,10.63,23.07,29.25,31.58,5.31,55.94,43.96,0.1,0.35,15.73,30.1,24.57,29.16,0.1,96.06,3.68,0.26,2,0
"292","28-008",41,31.37,37.29,118.87,3.85,61.35,38.57,0.08,0.26,10.46,22.92,26.66,34.77,4.93,55.3,44.57,0.13,0.43,13.96,29.02,22.95,33.54,0.09,8,29.93,35.8,119.58,2.48,63.85,36.1,0.06,0.16,10.63,23.07,29.25,31.58,5.31,55.94,43.96,0.1,0.35,15.73,30.1,24.57,29.16,0.1,96.06,3.68,0.26,2,0
"293","28-009",41,31.37,37.29,118.87,3.85,61.35,38.57,0.08,0.26,10.46,22.92,26.66,34.77,4.93,55.3,44.57,0.13,0.43,13.96,29.02,22.95,33.54,0.09,8,29.93,35.8,119.58,2.48,63.85,36.1,0.06,0.16,10.63,23.07,29.25,31.58,5.31,55.94,43.96,0.1,0.35,15.73,30.1,24.57,29.16,0.1,96.06,3.68,0.26,2,0
"294","28-010",41,31.37,37.29,118.87,3.85,61.35,38.57,0.08,0.26,10.46,22.92,26.66,34.77,4.93,55.3,44.57,0.13,0.43,13.96,29.02,22.95,33.54,0.09,8,29.93,35.8,119.58,2.48,63.85,36.1,0.06,0.16,10.63,23.07,29.25,31.58,5.31,55.94,43.96,0.1,0.35,15.73,30.1,24.57,29.16,0.1,96.06,3.68,0.26,2,0
"295","28-011",41,31.37,37.29,118.87,3.85,61.35,38.57,0.08,0.26,10.46,22.92,26.66,34.77,4.93,55.3,44.57,0.13,0.43,13.96,29.02,22.95,33.54,0.09,8,29.93,35.8,119.58,2.48,63.85,36.1,0.06,0.16,10.63,23.07,29.25,31.58,5.31,55.94,43.96,0.1,0.35,15.73,30.1,24.57,29.16,0.1,96.06,3.68,0.26,2,0
"296","28-012",41,31.37,37.29,118.87,3.85,61.35,38.57,0.08,0.26,10.46,22.92,26.66,34.77,4.93,55.3,44.57,0.13,0.43,13.96,29.02,22.95,33.54,0.09,8,29.93,35.8,119.58,2.48,63.85,36.1,0.06,0.16,10.63,23.07,29.25,31.58,5.31,55.94,43.96,0.1,0.35,15.73,30.1,24.57,29.16,0.1,96.06,3.68,0.26,2,0
"297","28-013",44,22.97,28.74,125.09,2.59,63.49,36.37,0.14,0.15,10.37,23.7,30.86,29.94,4.98,54.19,45.66,0.15,0.34,14.95,30.79,25.78,27.92,0.21,8,29.93,35.8,119.58,2.48,63.85,36.1,0.06,0.16,10.63,23.07,29.25,31.58,5.31,55.94,43.96,0.1,0.35,15.73,30.1,24.57,29.16,0.1,96.06,3.68,0.26,2,0
"298","28-014",44,22.97,28.74,125.09,2.59,63.49,36.37,0.14,0.15,10.37,23.7,30.86,29.94,4.98,54.19,45.66,0.15,0.34,14.95,30.79,25.78,27.92,0.21,8,29.93,35.8,119.58,2.48,63.85,36.1,0.06,0.16,10.63,23.07,29.25,31.58,5.31,55.94,43.96,0.1,0.35,15.73,30.1,24.57,29.16,0.1,96.06,3.68,0.26,2,0
"299","28-015",41,31.37,37.29,118.87,3.85,61.35,38.57,0.08,0.26,10.46,22.92,26.66,34.77,4.93,55.3,44.57,0.13,0.43,13.96,29.02,22.95,33.54,0.09,8,29.93,35.8,119.58,2.48,63.85,36.1,0.06,0.16,10.63,23.07,29.25,31.58,5.31,55.94,43.96,0.1,0.35,15.73,30.1,24.57,29.16,0.1,96.06,3.68,0.26,2,0
