Councilmanic,Voted_of_Registered_Adults,Voted_of_Adjusted_Total_Adults,Registered_of_Adjusted_Total_Adults,Hispanic_Latino_of_Total_Adjusted_Adults,Female_of_Voted,Male_of_Voted,UnknownSex_of_Voted,Ages16to17_of_Voted,Ages18to29_of_Voted,Ages30to49_of_Voted,Ages50to64_of_Voted,Ages65plus_of_Voted,UnknownAge_of_Voted,Female_of_Registered,Male_of_Registered,UnknownSex_of_Registered,Ages16to17_of_Registered,Ages18to29_of_Registered,Ages30to49_of_Registered,Ages50to64_of_Registered,Ages65plus_of_Registered,UnknownAge_of_Registered,Votes_by_Mail_Percent,In_Person_Votes_Percent,Provisional_Votes_Percent,Number_of_Democrat_Candidates,Number_of_Republican_Candidates,Precinct
012,20.34,26.47,130.12,5.13,58.48,41.33,0.19,0.07,15.33,30.27,25.25,23.13,5.96,50.24,49.57,0.2,0.21,15.16,36.55,24.6,23.33,0.15,96.91,2.63,0.46,6,1,03-001
012,20.34,26.47,130.12,5.13,58.48,41.33,0.19,0.07,15.33,30.27,25.25,23.13,5.96,50.24,49.57,0.2,0.21,15.16,36.55,24.6,23.33,0.15,96.91,2.63,0.46,6,1,03-002
012,20.34,26.47,130.12,5.13,58.48,41.33,0.19,0.07,15.33,30.27,25.25,23.13,5.96,50.24,49.57,0.2,0.21,15.16,36.55,24.6,23.33,0.15,96.91,2.63,0.46,6,1,05-001
012,20.34,26.47,130.12,5.13,58.48,41.33,0.19,0.07,15.33,30.27,25.25,23.13,5.96,50.24,49.57,0.2,0.21,15.16,36.55,24.6,23.33,0.15,96.91,2.63,0.46,6,1,05-002
012,20.34,26.47,130.12,5.13,58.48,41.33,0.19,0.07,15.33,30.27,25.25,23.13,5.96,50.24,49.57,0.2,0.21,15.16,36.55,24.6,23.33,0.15,96.91,2.63,0.46,6,1,07-001
012,20.34,26.47,130.12,5.13,58.48,41.33,0.19,0.07,15.33,30.27,25.25,23.13,5.96,50.24,49.57,0.2,0.21,15.16,36.55,24.6,23.33,0.15,96.91,2.63,0.46,6,1,08-005
012,20.34,26.47,130.12,5.13,58.48,41.33,0.19,0.07,15.33,30.27,25.25,23.13,5.96,50.24,49.57,0.2,0.21,15.16,36.55,24.6,23.33,0.15,96.91,2.63,0.46,6,1,08-006
012,20.34,26.47,130.12,5.13,58.48,41.33,0.19,0.07,15.33,30.27,25.25,23.13,5.96,50.24,49.57,0.2,0.21,15.16,36.55,24.6,23.33,0.15,96.91,2.63,0.46,6,1,09-013
012,20.34,26.47,130.12,5.13,58.48,41.33,0.19,0.07,15.33,30.27,25.25,23.13,5.96,50.24,49.57,0.2,0.21,15.16,36.55,24.6,23.33,0.15,96.91,2.63,0.46,6,1,09-014
012,20.34,26.47,130.12,5.13,58.48,41.33,0.19,0.07,15.33,30.27,25.25,23.13,5.96,50.24,49.57,0.2,0.21,15.16,36.55,24.6,23.33,0.15,96.91,2.63,0.46,6,1,09-015
012,20.34,26.47,130.12,5.13,58.48,41.33,0.19,0.07,15.33,30.27,25.25,23.13,5.96,50.24,49.57,0.2,0.21,15.16,36.55,24.6,23.33,0.15,96.91,2.63,0.46,6,1,10-001
012,20.34,26.47,130.12,5.13,58.48,41.33,0.19,0.07,15.33,30.27,25.25,23.13,5.96,50.24,49.57,0.2,0.21,15.16,36.55,24.6,23.33,0.15,96.91,2.63,0.46,6,1,10-002
012,20.34,26.47,130.12,5.13,58.48,41.33,0.19,0.07,15.33,30.27,25.25,23.13,5.96,50.24,49.57,0.2,0.21,15.16,36.55,24.6,23.33,0.15,96.91,2.63,0.46,6,1,10-003
012,20.34,26.47,130.12,5.13,58.48,41.33,0.19,0.07,15.33,30.27,25.25,23.13,5.96,50.24,49.57,0.2,0.21,15.16,36.55,24.6,23.33,0.15,96.91,2.63,0.46,6,1,10-004
012,20.34,26.47,130.12,5.13,58.48,41.33,0.19,0.07,15.33,30.27,25.25,23.13,5.96,50.24,49.57,0.2,0.21,15.16,36.55,24.6,23.33,0.15,96.91,2.63,0.46,6,1,11-001
012,20.34,26.47,130.12,5.13,58.48,41.33,0.19,0.07,15.33,30.27,25.25,23.13,5.96,50.24,49.57,0.2,0.21,15.16,36.55,24.6,23.33,0.15,96.91,2.63,0.46,6,1,11-007
012,20.34,26.47,130.12,5.13,58.48,41.33,0.19,0.07,15.33,30.27,25.25,23.13,5.96,50.24,49.57,0.2,0.21,15.16,36.55,24.6,23.33,0.15,96.91,2.63,0.46,6,1,12-007
012,20.34,26.47,130.12,5.13,58.48,41.33,0.19,0.07,15.33,30.27,25.25,23.13,5.96,50.24,49.57,0.2,0.21,15.16,36.55,24.6,23.33,0.15,96.91,2.63,0.46,6,1,12-008
012,20.34,26.47,130.12,5.13,58.48,41.33,0.19,0.07,15.33,30.27,25.25,23.13,5.96,50.24,49.57,0.2,0.21,15.16,36.55,24.6,23.33,0.15,96.91,2.63,0.46,6,1,12-009
012,20.34,26.47,130.12,5.13,58.48,41.33,0.19,0.07,15.33,30.27,25.25,23.13,5.96,50.24,49.57,0.2,0.21,15.16,36.55,24.6,23.33,0.15,96.91,2.63,0.46,6,1,12-010
012,20.34,26.47,130.12,5.13,58.48,41.33,0.19,0.07,15.33,30.27,25.25,23.13,5.96,50.24,49.57,0.2,0.21,15.16,36.55,24.6,23.33,0.15,96.91,2.63,0.46,6,1,12-011
012,20.34,26.47,130.12,5.13,58.48,41.33,0.19,0.07,15.33,30.27,25.25,23.13,5.96,50.24,49.57,0.2,0.21,15.16,36.55,24.6,23.33,0.15,96.91,2.63,0.46,6,1,12-012
001,21.47,23.07,107.45,19.67,55.86,44.01,0.13,0.06,18.92,39.61,17.67,17.27,6.48,51.37,48.45,0.18,0.15,18.95,45.77,16.01,19.08,0.04,98.45,1.18,0.38,2,0,01-001
001,21.47,23.07,107.45,19.67,55.86,44.01,0.13,0.06,18.92,39.61,17.67,17.27,6.48,51.37,48.45,0.18,0.15,18.95,45.77,16.01,19.08,0.04,98.45,1.18,0.38,2,0,01-002
001,21.47,23.07,107.45,19.67,55.86,44.01,0.13,0.06,18.92,39.61,17.67,17.27,6.48,51.37,48.45,0.18,0.15,18.95,45.77,16.01,19.08,0.04,98.45,1.18,0.38,2,0,01-003
001,21.47,23.07,107.45,19.67,55.86,44.01,0.13,0.06,18.92,39.61,17.67,17.27,6.48,51.37,48.45,0.18,0.15,18.95,45.77,16.01,19.08,0.04,98.45,1.18,0.38,2,0,01-004
001,21.47,23.07,107.45,19.67,55.86,44.01,0.13,0.06,18.92,39.61,17.67,17.27,6.48,51.37,48.45,0.18,0.15,18.95,45.77,16.01,19.08,0.04,98.45,1.18,0.38,2,0,01-005
001,21.47,23.07,107.45,19.67,55.86,44.01,0.13,0.06,18.92,39.61,17.67,17.27,6.48,51.37,48.45,0.18,0.15,18.95,45.77,16.01,19.08,0.04,98.45,1.18,0.38,2,0,02-002
001,21.47,23.07,107.45,19.67,55.86,44.01,0.13,0.06,18.92,39.61,17.67,17.27,6.48,51.37,48.45,0.18,0.15,18.95,45.77,16.01,19.08,0.04,98.45,1.18,0.38,2,0,02-003
001,21.47,23.07,107.45,19.67,55.86,44.01,0.13,0.06,18.92,39.61,17.67,17.27,6.48,51.37,48.45,0.18,0.15,18.95,45.77,16.01,19.08,0.04,98.45,1.18,0.38,2,0,03-003
001,21.47,23.07,107.45,19.67,55.86,44.01,0.13,0.06,18.92,39.61,17.67,17.27,6.48,51.37,48.45,0.18,0.15,18.95,45.77,16.01,19.08,0.04,98.45,1.18,0.38,2,0,06-005
001,21.47,23.07,107.45,19.67,55.86,44.01,0.13,0.06,18.92,39.61,17.67,17.27,6.48,51.37,48.45,0.18,0.15,18.95,45.77,16.01,19.08,0.04,98.45,1.18,0.38,2,0,26-001
001,21.47,23.07,107.45,19.67,55.86,44.01,0.13,0.06,18.92,39.61,17.67,17.27,6.48,51.37,48.45,0.18,0.15,18.95,45.77,16.01,19.08,0.04,98.45,1.18,0.38,2,0,26-002
001,21.47,23.07,107.45,19.67,55.86,44.01,0.13,0.06,18.92,39.61,17.67,17.27,6.48,51.37,48.45,0.18,0.15,18.95,45.77,16.01,19.08,0.04,98.45,1.18,0.38,2,0,26-003
001,21.47,23.07,107.45,19.67,55.86,44.01,0.13,0.06,18.92,39.61,17.67,17.27,6.48,51.37,48.45,0.18,0.15,18.95,45.77,16.01,19.08,0.04,98.45,1.18,0.38,2,0,26-004
001,21.47,23.07,107.45,19.67,55.86,44.01,0.13,0.06,18.92,39.61,17.67,17.27,6.48,51.37,48.45,0.18,0.15,18.95,45.77,16.01,19.08,0.04,98.45,1.18,0.38,2,0,26-005
001,21.47,23.07,107.45,19.67,55.86,44.01,0.13,0.06,18.92,39.61,17.67,17.27,6.48,51.37,48.45,0.18,0.15,18.95,45.77,16.01,19.08,0.04,98.45,1.18,0.38,2,0,26-006
001,21.47,23.07,107.45,19.67,55.86,44.01,0.13,0.06,18.92,39.61,17.67,17.27,6.48,51.37,48.45,0.18,0.15,18.95,45.77,16.01,19.08,0.04,98.45,1.18,0.38,2,0,26-007
001,21.47,23.07,107.45,19.67,55.86,44.01,0.13,0.06,18.92,39.61,17.67,17.27,6.48,51.37,48.45,0.18,0.15,18.95,45.77,16.01,19.08,0.04,98.45,1.18,0.38,2,0,26-008
001,21.47,23.07,107.45,19.67,55.86,44.01,0.13,0.06,18.92,39.61,17.67,17.27,6.48,51.37,48.45,0.18,0.15,18.95,45.77,16.01,19.08,0.04,98.45,1.18,0.38,2,0,26-009
001,21.47,23.07,107.45,19.67,55.86,44.01,0.13,0.06,18.92,39.61,17.67,17.27,6.48,51.37,48.45,0.18,0.15,18.95,45.77,16.01,19.08,0.04,98.45,1.18,0.38,2,0,26-010
011,21.41,25.87,120.81,4.88,55.88,43.98,0.14,0.13,19.37,31.66,20.87,22.31,5.65,51.62,48.21,0.17,0.19,20.64,42.16,17.62,19.31,0.07,97.82,1.91,0.28,1,0,04-001
011,21.41,25.87,120.81,4.88,55.88,43.98,0.14,0.13,19.37,31.66,20.87,22.31,5.65,51.62,48.21,0.17,0.19,20.64,42.16,17.62,19.31,0.07,97.82,1.91,0.28,1,0,04-002
011,21.41,25.87,120.81,4.88,55.88,43.98,0.14,0.13,19.37,31.66,20.87,22.31,5.65,51.62,48.21,0.17,0.19,20.64,42.16,17.62,19.31,0.07,97.82,1.91,0.28,1,0,04-003
011,21.41,25.87,120.81,4.88,55.88,43.98,0.14,0.13,19.37,31.66,20.87,22.31,5.65,51.62,48.21,0.17,0.19,20.64,42.16,17.62,19.31,0.07,97.82,1.91,0.28,1,0,11-002
011,21.41,25.87,120.81,4.88,55.88,43.98,0.14,0.13,19.37,31.66,20.87,22.31,5.65,51.62,48.21,0.17,0.19,20.64,42.16,17.62,19.31,0.07,97.82,1.91,0.28,1,0,11-003
011,21.41,25.87,120.81,4.88,55.88,43.98,0.14,0.13,19.37,31.66,20.87,22.31,5.65,51.62,48.21,0.17,0.19,20.64,42.16,17.62,19.31,0.07,97.82,1.91,0.28,1,0,11-004
011,21.41,25.87,120.81,4.88,55.88,43.98,0.14,0.13,19.37,31.66,20.87,22.31,5.65,51.62,48.21,0.17,0.19,20.64,42.16,17.62,19.31,0.07,97.82,1.91,0.28,1,0,11-005
011,21.41,25.87,120.81,4.88,55.88,43.98,0.14,0.13,19.37,31.66,20.87,22.31,5.65,51.62,48.21,0.17,0.19,20.64,42.16,17.62,19.31,0.07,97.82,1.91,0.28,1,0,11-006
011,21.41,25.87,120.81,4.88,55.88,43.98,0.14,0.13,19.37,31.66,20.87,22.31,5.65,51.62,48.21,0.17,0.19,20.64,42.16,17.62,19.31,0.07,97.82,1.91,0.28,1,0,14-001
011,21.41,25.87,120.81,4.88,55.88,43.98,0.14,0.13,19.37,31.66,20.87,22.31,5.65,51.62,48.21,0.17,0.19,20.64,42.16,17.62,19.31,0.07,97.82,1.91,0.28,1,0,14-002
011,21.41,25.87,120.81,4.88,55.88,43.98,0.14,0.13,19.37,31.66,20.87,22.31,5.65,51.62,48.21,0.17,0.19,20.64,42.16,17.62,19.31,0.07,97.82,1.91,0.28,1,0,14-003
011,21.41,25.87,120.81,4.88,55.88,43.98,0.14,0.13,19.37,31.66,20.87,22.31,5.65,51.62,48.21,0.17,0.19,20.64,42.16,17.62,19.31,0.07,97.82,1.91,0.28,1,0,14-004
011,21.41,25.87,120.81,4.88,55.88,43.98,0.14,0.13,19.37,31.66,20.87,22.31,5.65,51.62,48.21,0.17,0.19,20.64,42.16,17.62,19.31,0.07,97.82,1.91,0.28,1,0,17-001
011,21.41,25.87,120.81,4.88,55.88,43.98,0.14,0.13,19.37,31.66,20.87,22.31,5.65,51.62,48.21,0.17,0.19,20.64,42.16,17.62,19.31,0.07,97.82,1.91,0.28,1,0,17-002
011,21.41,25.87,120.81,4.88,55.88,43.98,0.14,0.13,19.37,31.66,20.87,22.31,5.65,51.62,48.21,0.17,0.19,20.64,42.16,17.62,19.31,0.07,97.82,1.91,0.28,1,0,21-001
011,21.41,25.87,120.81,4.88,55.88,43.98,0.14,0.13,19.37,31.66,20.87,22.31,5.65,51.62,48.21,0.17,0.19,20.64,42.16,17.62,19.31,0.07,97.82,1.91,0.28,1,0,22-001
011,21.41,25.87,120.81,4.88,55.88,43.98,0.14,0.13,19.37,31.66,20.87,22.31,5.65,51.62,48.21,0.17,0.19,20.64,42.16,17.62,19.31,0.07,97.82,1.91,0.28,1,0,22-002
011,21.41,25.87,120.81,4.88,55.88,43.98,0.14,0.13,19.37,31.66,20.87,22.31,5.65,51.62,48.21,0.17,0.19,20.64,42.16,17.62,19.31,0.07,97.82,1.91,0.28,1,0,23-001
011,21.41,25.87,120.81,4.88,55.88,43.98,0.14,0.13,19.37,31.66,20.87,22.31,5.65,51.62,48.21,0.17,0.19,20.64,42.16,17.62,19.31,0.07,97.82,1.91,0.28,1,0,23-002
011,21.41,25.87,120.81,4.88,55.88,43.98,0.14,0.13,19.37,31.66,20.87,22.31,5.65,51.62,48.21,0.17,0.19,20.64,42.16,17.62,19.31,0.07,97.82,1.91,0.28,1,0,23-003
011,21.41,25.87,120.81,4.88,55.88,43.98,0.14,0.13,19.37,31.66,20.87,22.31,5.65,51.62,48.21,0.17,0.19,20.64,42.16,17.62,19.31,0.07,97.82,1.91,0.28,1,0,24-001
011,21.41,25.87,120.81,4.88,55.88,43.98,0.14,0.13,19.37,31.66,20.87,22.31,5.65,51.62,48.21,0.17,0.19,20.64,42.16,17.62,19.31,0.07,97.82,1.91,0.28,1,0,24-002
011,21.41,25.87,120.81,4.88,55.88,43.98,0.14,0.13,19.37,31.66,20.87,22.31,5.65,51.62,48.21,0.17,0.19,20.64,42.16,17.62,19.31,0.07,97.82,1.91,0.28,1,0,24-003
011,21.41,25.87,120.81,4.88,55.88,43.98,0.14,0.13,19.37,31.66,20.87,22.31,5.65,51.62,48.21,0.17,0.19,20.64,42.16,17.62,19.31,0.07,97.82,1.91,0.28,1,0,24-004
011,21.41,25.87,120.81,4.88,55.88,43.98,0.14,0.13,19.37,31.66,20.87,22.31,5.65,51.62,48.21,0.17,0.19,20.64,42.16,17.62,19.31,0.07,97.82,1.91,0.28,1,0,24-005
014,29.7,34.25,115.32,4.83,59.01,40.92,0.07,0.2,11.17,31,21.82,30.71,5.1,53.94,45.88,0.18,0.31,15.42,37.29,19.18,27.72,0.08,97.82,1.83,0.34,4,1,08-004
014,29.7,34.25,115.32,4.83,59.01,40.92,0.07,0.2,11.17,31,21.82,30.71,5.1,53.94,45.88,0.18,0.31,15.42,37.29,19.18,27.72,0.08,97.82,1.83,0.34,4,1,09-003
014,29.7,34.25,115.32,4.83,59.01,40.92,0.07,0.2,11.17,31,21.82,30.71,5.1,53.94,45.88,0.18,0.31,15.42,37.29,19.18,27.72,0.08,97.82,1.83,0.34,4,1,09-004
014,29.7,34.25,115.32,4.83,59.01,40.92,0.07,0.2,11.17,31,21.82,30.71,5.1,53.94,45.88,0.18,0.31,15.42,37.29,19.18,27.72,0.08,97.82,1.83,0.34,4,1,09-005
014,29.7,34.25,115.32,4.83,59.01,40.92,0.07,0.2,11.17,31,21.82,30.71,5.1,53.94,45.88,0.18,0.31,15.42,37.29,19.18,27.72,0.08,97.82,1.83,0.34,4,1,09-006
014,29.7,34.25,115.32,4.83,59.01,40.92,0.07,0.2,11.17,31,21.82,30.71,5.1,53.94,45.88,0.18,0.31,15.42,37.29,19.18,27.72,0.08,97.82,1.83,0.34,4,1,09-007
014,29.7,34.25,115.32,4.83,59.01,40.92,0.07,0.2,11.17,31,21.82,30.71,5.1,53.94,45.88,0.18,0.31,15.42,37.29,19.18,27.72,0.08,97.82,1.83,0.34,4,1,09-008
014,29.7,34.25,115.32,4.83,59.01,40.92,0.07,0.2,11.17,31,21.82,30.71,5.1,53.94,45.88,0.18,0.31,15.42,37.29,19.18,27.72,0.08,97.82,1.83,0.34,4,1,09-009
014,29.7,34.25,115.32,4.83,59.01,40.92,0.07,0.2,11.17,31,21.82,30.71,5.1,53.94,45.88,0.18,0.31,15.42,37.29,19.18,27.72,0.08,97.82,1.83,0.34,4,1,09-010
014,29.7,34.25,115.32,4.83,59.01,40.92,0.07,0.2,11.17,31,21.82,30.71,5.1,53.94,45.88,0.18,0.31,15.42,37.29,19.18,27.72,0.08,97.82,1.83,0.34,4,1,09-011
014,29.7,34.25,115.32,4.83,59.01,40.92,0.07,0.2,11.17,31,21.82,30.71,5.1,53.94,45.88,0.18,0.31,15.42,37.29,19.18,27.72,0.08,97.82,1.83,0.34,4,1,09-012
014,29.7,34.25,115.32,4.83,59.01,40.92,0.07,0.2,11.17,31,21.82,30.71,5.1,53.94,45.88,0.18,0.31,15.42,37.29,19.18,27.72,0.08,97.82,1.83,0.34,4,1,12-001
014,29.7,34.25,115.32,4.83,59.01,40.92,0.07,0.2,11.17,31,21.82,30.71,5.1,53.94,45.88,0.18,0.31,15.42,37.29,19.18,27.72,0.08,97.82,1.83,0.34,4,1,12-002
014,29.7,34.25,115.32,4.83,59.01,40.92,0.07,0.2,11.17,31,21.82,30.71,5.1,53.94,45.88,0.18,0.31,15.42,37.29,19.18,27.72,0.08,97.82,1.83,0.34,4,1,12-003
014,29.7,34.25,115.32,4.83,59.01,40.92,0.07,0.2,11.17,31,21.82,30.71,5.1,53.94,45.88,0.18,0.31,15.42,37.29,19.18,27.72,0.08,97.82,1.83,0.34,4,1,12-004
014,29.7,34.25,115.32,4.83,59.01,40.92,0.07,0.2,11.17,31,21.82,30.71,5.1,53.94,45.88,0.18,0.31,15.42,37.29,19.18,27.72,0.08,97.82,1.83,0.34,4,1,12-005
014,29.7,34.25,115.32,4.83,59.01,40.92,0.07,0.2,11.17,31,21.82,30.71,5.1,53.94,45.88,0.18,0.31,15.42,37.29,19.18,27.72,0.08,97.82,1.83,0.34,4,1,12-006
014,29.7,34.25,115.32,4.83,59.01,40.92,0.07,0.2,11.17,31,21.82,30.71,5.1,53.94,45.88,0.18,0.31,15.42,37.29,19.18,27.72,0.08,97.82,1.83,0.34,4,1,13-001
014,29.7,34.25,115.32,4.83,59.01,40.92,0.07,0.2,11.17,31,21.82,30.71,5.1,53.94,45.88,0.18,0.31,15.42,37.29,19.18,27.72,0.08,97.82,1.83,0.34,4,1,13-002
014,29.7,34.25,115.32,4.83,59.01,40.92,0.07,0.2,11.17,31,21.82,30.71,5.1,53.94,45.88,0.18,0.31,15.42,37.29,19.18,27.72,0.08,97.82,1.83,0.34,4,1,13-011
014,29.7,34.25,115.32,4.83,59.01,40.92,0.07,0.2,11.17,31,21.82,30.71,5.1,53.94,45.88,0.18,0.31,15.42,37.29,19.18,27.72,0.08,97.82,1.83,0.34,4,1,13-012
014,29.7,34.25,115.32,4.83,59.01,40.92,0.07,0.2,11.17,31,21.82,30.71,5.1,53.94,45.88,0.18,0.31,15.42,37.29,19.18,27.72,0.08,97.82,1.83,0.34,4,1,27-046
014,29.7,34.25,115.32,4.83,59.01,40.92,0.07,0.2,11.17,31,21.82,30.71,5.1,53.94,45.88,0.18,0.31,15.42,37.29,19.18,27.72,0.08,97.82,1.83,0.34,4,1,27-069
007,25.29,32.39,128.11,2.47,61.28,38.62,0.09,0.12,11.31,28.75,27.48,27.12,5.23,53.41,46.44,0.15,0.32,14.31,33.38,24.92,26.84,0.24,96.82,2.69,0.48,5,1,13-003
007,25.29,32.39,128.11,2.47,61.28,38.62,0.09,0.12,11.31,28.75,27.48,27.12,5.23,53.41,46.44,0.15,0.32,14.31,33.38,24.92,26.84,0.24,96.82,2.69,0.48,5,1,13-004
007,25.29,32.39,128.11,2.47,61.28,38.62,0.09,0.12,11.31,28.75,27.48,27.12,5.23,53.41,46.44,0.15,0.32,14.31,33.38,24.92,26.84,0.24,96.82,2.69,0.48,5,1,13-005
007,25.29,32.39,128.11,2.47,61.28,38.62,0.09,0.12,11.31,28.75,27.48,27.12,5.23,53.41,46.44,0.15,0.32,14.31,33.38,24.92,26.84,0.24,96.82,2.69,0.48,5,1,13-006
007,25.29,32.39,128.11,2.47,61.28,38.62,0.09,0.12,11.31,28.75,27.48,27.12,5.23,53.41,46.44,0.15,0.32,14.31,33.38,24.92,26.84,0.24,96.82,2.69,0.48,5,1,13-007
007,25.29,32.39,128.11,2.47,61.28,38.62,0.09,0.12,11.31,28.75,27.48,27.12,5.23,53.41,46.44,0.15,0.32,14.31,33.38,24.92,26.84,0.24,96.82,2.69,0.48,5,1,13-008
007,25.29,32.39,128.11,2.47,61.28,38.62,0.09,0.12,11.31,28.75,27.48,27.12,5.23,53.41,46.44,0.15,0.32,14.31,33.38,24.92,26.84,0.24,96.82,2.69,0.48,5,1,13-009
007,25.29,32.39,128.11,2.47,61.28,38.62,0.09,0.12,11.31,28.75,27.48,27.12,5.23,53.41,46.44,0.15,0.32,14.31,33.38,24.92,26.84,0.24,96.82,2.69,0.48,5,1,13-010
007,25.29,32.39,128.11,2.47,61.28,38.62,0.09,0.12,11.31,28.75,27.48,27.12,5.23,53.41,46.44,0.15,0.32,14.31,33.38,24.92,26.84,0.24,96.82,2.69,0.48,5,1,14-005
007,25.29,32.39,128.11,2.47,61.28,38.62,0.09,0.12,11.31,28.75,27.48,27.12,5.23,53.41,46.44,0.15,0.32,14.31,33.38,24.92,26.84,0.24,96.82,2.69,0.48,5,1,15-005
007,25.29,32.39,128.11,2.47,61.28,38.62,0.09,0.12,11.31,28.75,27.48,27.12,5.23,53.41,46.44,0.15,0.32,14.31,33.38,24.92,26.84,0.24,96.82,2.69,0.48,5,1,15-006
007,25.29,32.39,128.11,2.47,61.28,38.62,0.09,0.12,11.31,28.75,27.48,27.12,5.23,53.41,46.44,0.15,0.32,14.31,33.38,24.92,26.84,0.24,96.82,2.69,0.48,5,1,15-007
007,25.29,32.39,128.11,2.47,61.28,38.62,0.09,0.12,11.31,28.75,27.48,27.12,5.23,53.41,46.44,0.15,0.32,14.31,33.38,24.92,26.84,0.24,96.82,2.69,0.48,5,1,15-011
007,25.29,32.39,128.11,2.47,61.28,38.62,0.09,0.12,11.31,28.75,27.48,27.12,5.23,53.41,46.44,0.15,0.32,14.31,33.38,24.92,26.84,0.24,96.82,2.69,0.48,5,1,15-012
007,25.29,32.39,128.11,2.47,61.28,38.62,0.09,0.12,11.31,28.75,27.48,27.12,5.23,53.41,46.44,0.15,0.32,14.31,33.38,24.92,26.84,0.24,96.82,2.69,0.48,5,1,15-013
007,25.29,32.39,128.11,2.47,61.28,38.62,0.09,0.12,11.31,28.75,27.48,27.12,5.23,53.41,46.44,0.15,0.32,14.31,33.38,24.92,26.84,0.24,96.82,2.69,0.48,5,1,15-014
007,25.29,32.39,128.11,2.47,61.28,38.62,0.09,0.12,11.31,28.75,27.48,27.12,5.23,53.41,46.44,0.15,0.32,14.31,33.38,24.92,26.84,0.24,96.82,2.69,0.48,5,1,15-015
007,25.29,32.39,128.11,2.47,61.28,38.62,0.09,0.12,11.31,28.75,27.48,27.12,5.23,53.41,46.44,0.15,0.32,14.31,33.38,24.92,26.84,0.24,96.82,2.69,0.48,5,1,15-016
007,25.29,32.39,128.11,2.47,61.28,38.62,0.09,0.12,11.31,28.75,27.48,27.12,5.23,53.41,46.44,0.15,0.32,14.31,33.38,24.92,26.84,0.24,96.82,2.69,0.48,5,1,15-017
007,25.29,32.39,128.11,2.47,61.28,38.62,0.09,0.12,11.31,28.75,27.48,27.12,5.23,53.41,46.44,0.15,0.32,14.31,33.38,24.92,26.84,0.24,96.82,2.69,0.48,5,1,15-018
007,25.29,32.39,128.11,2.47,61.28,38.62,0.09,0.12,11.31,28.75,27.48,27.12,5.23,53.41,46.44,0.15,0.32,14.31,33.38,24.92,26.84,0.24,96.82,2.69,0.48,5,1,15-019
007,25.29,32.39,128.11,2.47,61.28,38.62,0.09,0.12,11.31,28.75,27.48,27.12,5.23,53.41,46.44,0.15,0.32,14.31,33.38,24.92,26.84,0.24,96.82,2.69,0.48,5,1,15-020
007,25.29,32.39,128.11,2.47,61.28,38.62,0.09,0.12,11.31,28.75,27.48,27.12,5.23,53.41,46.44,0.15,0.32,14.31,33.38,24.92,26.84,0.24,96.82,2.69,0.48,5,1,15-021
007,25.29,32.39,128.11,2.47,61.28,38.62,0.09,0.12,11.31,28.75,27.48,27.12,5.23,53.41,46.44,0.15,0.32,14.31,33.38,24.92,26.84,0.24,96.82,2.69,0.48,5,1,27-047
006,28.3,33.31,117.7,3.06,62.96,37,0.04,0.17,9.24,22.49,27.81,35.46,4.83,54.51,45.38,0.1,0.39,13.04,28.72,25.36,32.35,0.13,96.44,3.19,0.37,3,1,15-001
006,28.3,33.31,117.7,3.06,62.96,37,0.04,0.17,9.24,22.49,27.81,35.46,4.83,54.51,45.38,0.1,0.39,13.04,28.72,25.36,32.35,0.13,96.44,3.19,0.37,3,1,15-002
006,28.3,33.31,117.7,3.06,62.96,37,0.04,0.17,9.24,22.49,27.81,35.46,4.83,54.51,45.38,0.1,0.39,13.04,28.72,25.36,32.35,0.13,96.44,3.19,0.37,3,1,15-003
006,28.3,33.31,117.7,3.06,62.96,37,0.04,0.17,9.24,22.49,27.81,35.46,4.83,54.51,45.38,0.1,0.39,13.04,28.72,25.36,32.35,0.13,96.44,3.19,0.37,3,1,15-004
006,28.3,33.31,117.7,3.06,62.96,37,0.04,0.17,9.24,22.49,27.81,35.46,4.83,54.51,45.38,0.1,0.39,13.04,28.72,25.36,32.35,0.13,96.44,3.19,0.37,3,1,15-008
006,28.3,33.31,117.7,3.06,62.96,37,0.04,0.17,9.24,22.49,27.81,35.46,4.83,54.51,45.38,0.1,0.39,13.04,28.72,25.36,32.35,0.13,96.44,3.19,0.37,3,1,15-009
006,28.3,33.31,117.7,3.06,62.96,37,0.04,0.17,9.24,22.49,27.81,35.46,4.83,54.51,45.38,0.1,0.39,13.04,28.72,25.36,32.35,0.13,96.44,3.19,0.37,3,1,15-010
006,28.3,33.31,117.7,3.06,62.96,37,0.04,0.17,9.24,22.49,27.81,35.46,4.83,54.51,45.38,0.1,0.39,13.04,28.72,25.36,32.35,0.13,96.44,3.19,0.37,3,1,15-022
006,28.3,33.31,117.7,3.06,62.96,37,0.04,0.17,9.24,22.49,27.81,35.46,4.83,54.51,45.38,0.1,0.39,13.04,28.72,25.36,32.35,0.13,96.44,3.19,0.37,3,1,15-023
006,28.3,33.31,117.7,3.06,62.96,37,0.04,0.17,9.24,22.49,27.81,35.46,4.83,54.51,45.38,0.1,0.39,13.04,28.72,25.36,32.35,0.13,96.44,3.19,0.37,3,1,15-024
006,28.3,33.31,117.7,3.06,62.96,37,0.04,0.17,9.24,22.49,27.81,35.46,4.83,54.51,45.38,0.1,0.39,13.04,28.72,25.36,32.35,0.13,96.44,3.19,0.37,3,1,15-025
006,28.3,33.31,117.7,3.06,62.96,37,0.04,0.17,9.24,22.49,27.81,35.46,4.83,54.51,45.38,0.1,0.39,13.04,28.72,25.36,32.35,0.13,96.44,3.19,0.37,3,1,27-043
006,28.3,33.31,117.7,3.06,62.96,37,0.04,0.17,9.24,22.49,27.81,35.46,4.83,54.51,45.38,0.1,0.39,13.04,28.72,25.36,32.35,0.13,96.44,3.19,0.37,3,1,27-044
006,28.3,33.31,117.7,3.06,62.96,37,0.04,0.17,9.24,22.49,27.81,35.46,4.83,54.51,45.38,0.1,0.39,13.04,28.72,25.36,32.35,0.13,96.44,3.19,0.37,3,1,27-045
006,28.3,33.31,117.7,3.06,62.96,37,0.04,0.17,9.24,22.49,27.81,35.46,4.83,54.51,45.38,0.1,0.39,13.04,28.72,25.36,32.35,0.13,96.44,3.19,0.37,3,1,27-048
006,28.3,33.31,117.7,3.06,62.96,37,0.04,0.17,9.24,22.49,27.81,35.46,4.83,54.51,45.38,0.1,0.39,13.04,28.72,25.36,32.35,0.13,96.44,3.19,0.37,3,1,27-052
006,28.3,33.31,117.7,3.06,62.96,37,0.04,0.17,9.24,22.49,27.81,35.46,4.83,54.51,45.38,0.1,0.39,13.04,28.72,25.36,32.35,0.13,96.44,3.19,0.37,3,1,27-053
006,28.3,33.31,117.7,3.06,62.96,37,0.04,0.17,9.24,22.49,27.81,35.46,4.83,54.51,45.38,0.1,0.39,13.04,28.72,25.36,32.35,0.13,96.44,3.19,0.37,3,1,27-054
006,28.3,33.31,117.7,3.06,62.96,37,0.04,0.17,9.24,22.49,27.81,35.46,4.83,54.51,45.38,0.1,0.39,13.04,28.72,25.36,32.35,0.13,96.44,3.19,0.37,3,1,27-055
006,28.3,33.31,117.7,3.06,62.96,37,0.04,0.17,9.24,22.49,27.81,35.46,4.83,54.51,45.38,0.1,0.39,13.04,28.72,25.36,32.35,0.13,96.44,3.19,0.37,3,1,27-056
006,28.3,33.31,117.7,3.06,62.96,37,0.04,0.17,9.24,22.49,27.81,35.46,4.83,54.51,45.38,0.1,0.39,13.04,28.72,25.36,32.35,0.13,96.44,3.19,0.37,3,1,27-058
006,28.3,33.31,117.7,3.06,62.96,37,0.04,0.17,9.24,22.49,27.81,35.46,4.83,54.51,45.38,0.1,0.39,13.04,28.72,25.36,32.35,0.13,96.44,3.19,0.37,3,1,28-003
009,19.5,25.08,128.61,3.58,61.8,38.08,0.12,0.12,9.42,23.25,31.53,30.49,5.19,52.61,47.24,0.15,0.31,13.79,30.23,26.17,29.23,0.27,94.89,4.47,0.64,4,0,16-001
009,19.5,25.08,128.61,3.58,61.8,38.08,0.12,0.12,9.42,23.25,31.53,30.49,5.19,52.61,47.24,0.15,0.31,13.79,30.23,26.17,29.23,0.27,94.89,4.47,0.64,4,0,16-002
009,19.5,25.08,128.61,3.58,61.8,38.08,0.12,0.12,9.42,23.25,31.53,30.49,5.19,52.61,47.24,0.15,0.31,13.79,30.23,26.17,29.23,0.27,94.89,4.47,0.64,4,0,16-003
009,19.5,25.08,128.61,3.58,61.8,38.08,0.12,0.12,9.42,23.25,31.53,30.49,5.19,52.61,47.24,0.15,0.31,13.79,30.23,26.17,29.23,0.27,94.89,4.47,0.64,4,0,16-004
009,19.5,25.08,128.61,3.58,61.8,38.08,0.12,0.12,9.42,23.25,31.53,30.49,5.19,52.61,47.24,0.15,0.31,13.79,30.23,26.17,29.23,0.27,94.89,4.47,0.64,4,0,16-005
009,19.5,25.08,128.61,3.58,61.8,38.08,0.12,0.12,9.42,23.25,31.53,30.49,5.19,52.61,47.24,0.15,0.31,13.79,30.23,26.17,29.23,0.27,94.89,4.47,0.64,4,0,16-006
009,19.5,25.08,128.61,3.58,61.8,38.08,0.12,0.12,9.42,23.25,31.53,30.49,5.19,52.61,47.24,0.15,0.31,13.79,30.23,26.17,29.23,0.27,94.89,4.47,0.64,4,0,16-007
009,19.5,25.08,128.61,3.58,61.8,38.08,0.12,0.12,9.42,23.25,31.53,30.49,5.19,52.61,47.24,0.15,0.31,13.79,30.23,26.17,29.23,0.27,94.89,4.47,0.64,4,0,16-008
009,19.5,25.08,128.61,3.58,61.8,38.08,0.12,0.12,9.42,23.25,31.53,30.49,5.19,52.61,47.24,0.15,0.31,13.79,30.23,26.17,29.23,0.27,94.89,4.47,0.64,4,0,16-009
009,19.5,25.08,128.61,3.58,61.8,38.08,0.12,0.12,9.42,23.25,31.53,30.49,5.19,52.61,47.24,0.15,0.31,13.79,30.23,26.17,29.23,0.27,94.89,4.47,0.64,4,0,16-010
009,19.5,25.08,128.61,3.58,61.8,38.08,0.12,0.12,9.42,23.25,31.53,30.49,5.19,52.61,47.24,0.15,0.31,13.79,30.23,26.17,29.23,0.27,94.89,4.47,0.64,4,0,16-011
009,19.5,25.08,128.61,3.58,61.8,38.08,0.12,0.12,9.42,23.25,31.53,30.49,5.19,52.61,47.24,0.15,0.31,13.79,30.23,26.17,29.23,0.27,94.89,4.47,0.64,4,0,16-012
009,19.5,25.08,128.61,3.58,61.8,38.08,0.12,0.12,9.42,23.25,31.53,30.49,5.19,52.61,47.24,0.15,0.31,13.79,30.23,26.17,29.23,0.27,94.89,4.47,0.64,4,0,18-001
009,19.5,25.08,128.61,3.58,61.8,38.08,0.12,0.12,9.42,23.25,31.53,30.49,5.19,52.61,47.24,0.15,0.31,13.79,30.23,26.17,29.23,0.27,94.89,4.47,0.64,4,0,18-002
009,19.5,25.08,128.61,3.58,61.8,38.08,0.12,0.12,9.42,23.25,31.53,30.49,5.19,52.61,47.24,0.15,0.31,13.79,30.23,26.17,29.23,0.27,94.89,4.47,0.64,4,0,19-001
009,19.5,25.08,128.61,3.58,61.8,38.08,0.12,0.12,9.42,23.25,31.53,30.49,5.19,52.61,47.24,0.15,0.31,13.79,30.23,26.17,29.23,0.27,94.89,4.47,0.64,4,0,19-002
009,19.5,25.08,128.61,3.58,61.8,38.08,0.12,0.12,9.42,23.25,31.53,30.49,5.19,52.61,47.24,0.15,0.31,13.79,30.23,26.17,29.23,0.27,94.89,4.47,0.64,4,0,19-003
009,19.5,25.08,128.61,3.58,61.8,38.08,0.12,0.12,9.42,23.25,31.53,30.49,5.19,52.61,47.24,0.15,0.31,13.79,30.23,26.17,29.23,0.27,94.89,4.47,0.64,4,0,20-001
009,19.5,25.08,128.61,3.58,61.8,38.08,0.12,0.12,9.42,23.25,31.53,30.49,5.19,52.61,47.24,0.15,0.31,13.79,30.23,26.17,29.23,0.27,94.89,4.47,0.64,4,0,20-002
009,19.5,25.08,128.61,3.58,61.8,38.08,0.12,0.12,9.42,23.25,31.53,30.49,5.19,52.61,47.24,0.15,0.31,13.79,30.23,26.17,29.23,0.27,94.89,4.47,0.64,4,0,20-003
009,19.5,25.08,128.61,3.58,61.8,38.08,0.12,0.12,9.42,23.25,31.53,30.49,5.19,52.61,47.24,0.15,0.31,13.79,30.23,26.17,29.23,0.27,94.89,4.47,0.64,4,0,20-004
009,19.5,25.08,128.61,3.58,61.8,38.08,0.12,0.12,9.42,23.25,31.53,30.49,5.19,52.61,47.24,0.15,0.31,13.79,30.23,26.17,29.23,0.27,94.89,4.47,0.64,4,0,20-005
009,19.5,25.08,128.61,3.58,61.8,38.08,0.12,0.12,9.42,23.25,31.53,30.49,5.19,52.61,47.24,0.15,0.31,13.79,30.23,26.17,29.23,0.27,94.89,4.47,0.64,4,0,20-010
009,19.5,25.08,128.61,3.58,61.8,38.08,0.12,0.12,9.42,23.25,31.53,30.49,5.19,52.61,47.24,0.15,0.31,13.79,30.23,26.17,29.23,0.27,94.89,4.47,0.64,4,0,20-011
008,29.93,35.8,119.58,2.48,63.85,36.1,0.06,0.16,10.63,23.07,29.25,31.58,5.31,55.94,43.96,0.1,0.35,15.73,30.1,24.57,29.16,0.1,96.06,3.68,0.26,2,0,16-013
008,29.93,35.8,119.58,2.48,63.85,36.1,0.06,0.16,10.63,23.07,29.25,31.58,5.31,55.94,43.96,0.1,0.35,15.73,30.1,24.57,29.16,0.1,96.06,3.68,0.26,2,0,16-014
008,29.93,35.8,119.58,2.48,63.85,36.1,0.06,0.16,10.63,23.07,29.25,31.58,5.31,55.94,43.96,0.1,0.35,15.73,30.1,24.57,29.16,0.1,96.06,3.68,0.26,2,0,20-006
008,29.93,35.8,119.58,2.48,63.85,36.1,0.06,0.16,10.63,23.07,29.25,31.58,5.31,55.94,43.96,0.1,0.35,15.73,30.1,24.57,29.16,0.1,96.06,3.68,0.26,2,0,20-007
008,29.93,35.8,119.58,2.48,63.85,36.1,0.06,0.16,10.63,23.07,29.25,31.58,5.31,55.94,43.96,0.1,0.35,15.73,30.1,24.57,29.16,0.1,96.06,3.68,0.26,2,0,20-008
008,29.93,35.8,119.58,2.48,63.85,36.1,0.06,0.16,10.63,23.07,29.25,31.58,5.31,55.94,43.96,0.1,0.35,15.73,30.1,24.57,29.16,0.1,96.06,3.68,0.26,2,0,25-001
008,29.93,35.8,119.58,2.48,63.85,36.1,0.06,0.16,10.63,23.07,29.25,31.58,5.31,55.94,43.96,0.1,0.35,15.73,30.1,24.57,29.16,0.1,96.06,3.68,0.26,2,0,25-002
008,29.93,35.8,119.58,2.48,63.85,36.1,0.06,0.16,10.63,23.07,29.25,31.58,5.31,55.94,43.96,0.1,0.35,15.73,30.1,24.57,29.16,0.1,96.06,3.68,0.26,2,0,28-006
008,29.93,35.8,119.58,2.48,63.85,36.1,0.06,0.16,10.63,23.07,29.25,31.58,5.31,55.94,43.96,0.1,0.35,15.73,30.1,24.57,29.16,0.1,96.06,3.68,0.26,2,0,28-007
008,29.93,35.8,119.58,2.48,63.85,36.1,0.06,0.16,10.63,23.07,29.25,31.58,5.31,55.94,43.96,0.1,0.35,15.73,30.1,24.57,29.16,0.1,96.06,3.68,0.26,2,0,28-008
008,29.93,35.8,119.58,2.48,63.85,36.1,0.06,0.16,10.63,23.07,29.25,31.58,5.31,55.94,43.96,0.1,0.35,15.73,30.1,24.57,29.16,0.1,96.06,3.68,0.26,2,0,28-009
008,29.93,35.8,119.58,2.48,63.85,36.1,0.06,0.16,10.63,23.07,29.25,31.58,5.31,55.94,43.96,0.1,0.35,15.73,30.1,24.57,29.16,0.1,96.06,3.68,0.26,2,0,28-010
008,29.93,35.8,119.58,2.48,63.85,36.1,0.06,0.16,10.63,23.07,29.25,31.58,5.31,55.94,43.96,0.1,0.35,15.73,30.1,24.57,29.16,0.1,96.06,3.68,0.26,2,0,28-011
008,29.93,35.8,119.58,2.48,63.85,36.1,0.06,0.16,10.63,23.07,29.25,31.58,5.31,55.94,43.96,0.1,0.35,15.73,30.1,24.57,29.16,0.1,96.06,3.68,0.26,2,0,28-012
008,29.93,35.8,119.58,2.48,63.85,36.1,0.06,0.16,10.63,23.07,29.25,31.58,5.31,55.94,43.96,0.1,0.35,15.73,30.1,24.57,29.16,0.1,96.06,3.68,0.26,2,0,28-013
008,29.93,35.8,119.58,2.48,63.85,36.1,0.06,0.16,10.63,23.07,29.25,31.58,5.31,55.94,43.96,0.1,0.35,15.73,30.1,24.57,29.16,0.1,96.06,3.68,0.26,2,0,28-014
008,29.93,35.8,119.58,2.48,63.85,36.1,0.06,0.16,10.63,23.07,29.25,31.58,5.31,55.94,43.96,0.1,0.35,15.73,30.1,24.57,29.16,0.1,96.06,3.68,0.26,2,0,28-015
010,18.93,18.51,97.78,14.17,61.34,38.63,0.03,0.05,12.87,26.64,30.57,24.61,5.26,54.05,45.82,0.12,0.32,16.76,34.64,24.28,23.82,0.17,95.09,4.27,0.64,9,2,20-009
010,18.93,18.51,97.78,14.17,61.34,38.63,0.03,0.05,12.87,26.64,30.57,24.61,5.26,54.05,45.82,0.12,0.32,16.76,34.64,24.28,23.82,0.17,95.09,4.27,0.64,9,2,21-002
010,18.93,18.51,97.78,14.17,61.34,38.63,0.03,0.05,12.87,26.64,30.57,24.61,5.26,54.05,45.82,0.12,0.32,16.76,34.64,24.28,23.82,0.17,95.09,4.27,0.64,9,2,21-003
010,18.93,18.51,97.78,14.17,61.34,38.63,0.03,0.05,12.87,26.64,30.57,24.61,5.26,54.05,45.82,0.12,0.32,16.76,34.64,24.28,23.82,0.17,95.09,4.27,0.64,9,2,21-004
010,18.93,18.51,97.78,14.17,61.34,38.63,0.03,0.05,12.87,26.64,30.57,24.61,5.26,54.05,45.82,0.12,0.32,16.76,34.64,24.28,23.82,0.17,95.09,4.27,0.64,9,2,25-003
010,18.93,18.51,97.78,14.17,61.34,38.63,0.03,0.05,12.87,26.64,30.57,24.61,5.26,54.05,45.82,0.12,0.32,16.76,34.64,24.28,23.82,0.17,95.09,4.27,0.64,9,2,25-004
010,18.93,18.51,97.78,14.17,61.34,38.63,0.03,0.05,12.87,26.64,30.57,24.61,5.26,54.05,45.82,0.12,0.32,16.76,34.64,24.28,23.82,0.17,95.09,4.27,0.64,9,2,25-005
010,18.93,18.51,97.78,14.17,61.34,38.63,0.03,0.05,12.87,26.64,30.57,24.61,5.26,54.05,45.82,0.12,0.32,16.76,34.64,24.28,23.82,0.17,95.09,4.27,0.64,9,2,25-006
010,18.93,18.51,97.78,14.17,61.34,38.63,0.03,0.05,12.87,26.64,30.57,24.61,5.26,54.05,45.82,0.12,0.32,16.76,34.64,24.28,23.82,0.17,95.09,4.27,0.64,9,2,25-007
010,18.93,18.51,97.78,14.17,61.34,38.63,0.03,0.05,12.87,26.64,30.57,24.61,5.26,54.05,45.82,0.12,0.32,16.76,34.64,24.28,23.82,0.17,95.09,4.27,0.64,9,2,25-008
010,18.93,18.51,97.78,14.17,61.34,38.63,0.03,0.05,12.87,26.64,30.57,24.61,5.26,54.05,45.82,0.12,0.32,16.76,34.64,24.28,23.82,0.17,95.09,4.27,0.64,9,2,25-009
010,18.93,18.51,97.78,14.17,61.34,38.63,0.03,0.05,12.87,26.64,30.57,24.61,5.26,54.05,45.82,0.12,0.32,16.76,34.64,24.28,23.82,0.17,95.09,4.27,0.64,9,2,25-010
010,18.93,18.51,97.78,14.17,61.34,38.63,0.03,0.05,12.87,26.64,30.57,24.61,5.26,54.05,45.82,0.12,0.32,16.76,34.64,24.28,23.82,0.17,95.09,4.27,0.64,9,2,25-011
010,18.93,18.51,97.78,14.17,61.34,38.63,0.03,0.05,12.87,26.64,30.57,24.61,5.26,54.05,45.82,0.12,0.32,16.76,34.64,24.28,23.82,0.17,95.09,4.27,0.64,9,2,25-012
010,18.93,18.51,97.78,14.17,61.34,38.63,0.03,0.05,12.87,26.64,30.57,24.61,5.26,54.05,45.82,0.12,0.32,16.76,34.64,24.28,23.82,0.17,95.09,4.27,0.64,9,2,25-013
010,18.93,18.51,97.78,14.17,61.34,38.63,0.03,0.05,12.87,26.64,30.57,24.61,5.26,54.05,45.82,0.12,0.32,16.76,34.64,24.28,23.82,0.17,95.09,4.27,0.64,9,2,25-014
010,18.93,18.51,97.78,14.17,61.34,38.63,0.03,0.05,12.87,26.64,30.57,24.61,5.26,54.05,45.82,0.12,0.32,16.76,34.64,24.28,23.82,0.17,95.09,4.27,0.64,9,2,25-015
010,18.93,18.51,97.78,14.17,61.34,38.63,0.03,0.05,12.87,26.64,30.57,24.61,5.26,54.05,45.82,0.12,0.32,16.76,34.64,24.28,23.82,0.17,95.09,4.27,0.64,9,2,25-016
010,18.93,18.51,97.78,14.17,61.34,38.63,0.03,0.05,12.87,26.64,30.57,24.61,5.26,54.05,45.82,0.12,0.32,16.76,34.64,24.28,23.82,0.17,95.09,4.27,0.64,9,2,25-017
013,23.58,26.77,113.55,9.84,63.93,35.98,0.09,0.19,12.15,25.32,29.5,27.24,5.61,54.29,45.58,0.13,0.34,16.28,33.57,25.19,24.47,0.14,97.03,2.53,0.44,7,0,02-001
013,23.58,26.77,113.55,9.84,63.93,35.98,0.09,0.19,12.15,25.32,29.5,27.24,5.61,54.29,45.58,0.13,0.34,16.28,33.57,25.19,24.47,0.14,97.03,2.53,0.44,7,0,06-001
013,23.58,26.77,113.55,9.84,63.93,35.98,0.09,0.19,12.15,25.32,29.5,27.24,5.61,54.29,45.58,0.13,0.34,16.28,33.57,25.19,24.47,0.14,97.03,2.53,0.44,7,0,06-002
013,23.58,26.77,113.55,9.84,63.93,35.98,0.09,0.19,12.15,25.32,29.5,27.24,5.61,54.29,45.58,0.13,0.34,16.28,33.57,25.19,24.47,0.14,97.03,2.53,0.44,7,0,06-003
013,23.58,26.77,113.55,9.84,63.93,35.98,0.09,0.19,12.15,25.32,29.5,27.24,5.61,54.29,45.58,0.13,0.34,16.28,33.57,25.19,24.47,0.14,97.03,2.53,0.44,7,0,06-004
013,23.58,26.77,113.55,9.84,63.93,35.98,0.09,0.19,12.15,25.32,29.5,27.24,5.61,54.29,45.58,0.13,0.34,16.28,33.57,25.19,24.47,0.14,97.03,2.53,0.44,7,0,07-002
013,23.58,26.77,113.55,9.84,63.93,35.98,0.09,0.19,12.15,25.32,29.5,27.24,5.61,54.29,45.58,0.13,0.34,16.28,33.57,25.19,24.47,0.14,97.03,2.53,0.44,7,0,07-003
013,23.58,26.77,113.55,9.84,63.93,35.98,0.09,0.19,12.15,25.32,29.5,27.24,5.61,54.29,45.58,0.13,0.34,16.28,33.57,25.19,24.47,0.14,97.03,2.53,0.44,7,0,07-004
013,23.58,26.77,113.55,9.84,63.93,35.98,0.09,0.19,12.15,25.32,29.5,27.24,5.61,54.29,45.58,0.13,0.34,16.28,33.57,25.19,24.47,0.14,97.03,2.53,0.44,7,0,08-002
013,23.58,26.77,113.55,9.84,63.93,35.98,0.09,0.19,12.15,25.32,29.5,27.24,5.61,54.29,45.58,0.13,0.34,16.28,33.57,25.19,24.47,0.14,97.03,2.53,0.44,7,0,08-003
013,23.58,26.77,113.55,9.84,63.93,35.98,0.09,0.19,12.15,25.32,29.5,27.24,5.61,54.29,45.58,0.13,0.34,16.28,33.57,25.19,24.47,0.14,97.03,2.53,0.44,7,0,08-007
013,23.58,26.77,113.55,9.84,63.93,35.98,0.09,0.19,12.15,25.32,29.5,27.24,5.61,54.29,45.58,0.13,0.34,16.28,33.57,25.19,24.47,0.14,97.03,2.53,0.44,7,0,08-010
013,23.58,26.77,113.55,9.84,63.93,35.98,0.09,0.19,12.15,25.32,29.5,27.24,5.61,54.29,45.58,0.13,0.34,16.28,33.57,25.19,24.47,0.14,97.03,2.53,0.44,7,0,08-011
013,23.58,26.77,113.55,9.84,63.93,35.98,0.09,0.19,12.15,25.32,29.5,27.24,5.61,54.29,45.58,0.13,0.34,16.28,33.57,25.19,24.47,0.14,97.03,2.53,0.44,7,0,26-012
013,23.58,26.77,113.55,9.84,63.93,35.98,0.09,0.19,12.15,25.32,29.5,27.24,5.61,54.29,45.58,0.13,0.34,16.28,33.57,25.19,24.47,0.14,97.03,2.53,0.44,7,0,26-013
013,23.58,26.77,113.55,9.84,63.93,35.98,0.09,0.19,12.15,25.32,29.5,27.24,5.61,54.29,45.58,0.13,0.34,16.28,33.57,25.19,24.47,0.14,97.03,2.53,0.44,7,0,26-017
013,23.58,26.77,113.55,9.84,63.93,35.98,0.09,0.19,12.15,25.32,29.5,27.24,5.61,54.29,45.58,0.13,0.34,16.28,33.57,25.19,24.47,0.14,97.03,2.53,0.44,7,0,26-018
013,23.58,26.77,113.55,9.84,63.93,35.98,0.09,0.19,12.15,25.32,29.5,27.24,5.61,54.29,45.58,0.13,0.34,16.28,33.57,25.19,24.47,0.14,97.03,2.53,0.44,7,0,26-019
013,23.58,26.77,113.55,9.84,63.93,35.98,0.09,0.19,12.15,25.32,29.5,27.24,5.61,54.29,45.58,0.13,0.34,16.28,33.57,25.19,24.47,0.14,97.03,2.53,0.44,7,0,26-020
013,23.58,26.77,113.55,9.84,63.93,35.98,0.09,0.19,12.15,25.32,29.5,27.24,5.61,54.29,45.58,0.13,0.34,16.28,33.57,25.19,24.47,0.14,97.03,2.53,0.44,7,0,26-021
013,23.58,26.77,113.55,9.84,63.93,35.98,0.09,0.19,12.15,25.32,29.5,27.24,5.61,54.29,45.58,0.13,0.34,16.28,33.57,25.19,24.47,0.14,97.03,2.53,0.44,7,0,26-032
013,23.58,26.77,113.55,9.84,63.93,35.98,0.09,0.19,12.15,25.32,29.5,27.24,5.61,54.29,45.58,0.13,0.34,16.28,33.57,25.19,24.47,0.14,97.03,2.53,0.44,7,0,26-033
002,30.28,31.4,103.7,7.81,63.12,36.85,0.03,0.18,11.04,26.61,30.7,25.95,5.5,55.48,44.43,0.1,0.51,16.45,32.93,25.32,24.71,0.08,96.69,2.96,0.36,3,1,26-011
002,30.28,31.4,103.7,7.81,63.12,36.85,0.03,0.18,11.04,26.61,30.7,25.95,5.5,55.48,44.43,0.1,0.51,16.45,32.93,25.32,24.71,0.08,96.69,2.96,0.36,3,1,26-014
002,30.28,31.4,103.7,7.81,63.12,36.85,0.03,0.18,11.04,26.61,30.7,25.95,5.5,55.48,44.43,0.1,0.51,16.45,32.93,25.32,24.71,0.08,96.69,2.96,0.36,3,1,26-015
002,30.28,31.4,103.7,7.81,63.12,36.85,0.03,0.18,11.04,26.61,30.7,25.95,5.5,55.48,44.43,0.1,0.51,16.45,32.93,25.32,24.71,0.08,96.69,2.96,0.36,3,1,26-016
002,30.28,31.4,103.7,7.81,63.12,36.85,0.03,0.18,11.04,26.61,30.7,25.95,5.5,55.48,44.43,0.1,0.51,16.45,32.93,25.32,24.71,0.08,96.69,2.96,0.36,3,1,26-022
002,30.28,31.4,103.7,7.81,63.12,36.85,0.03,0.18,11.04,26.61,30.7,25.95,5.5,55.48,44.43,0.1,0.51,16.45,32.93,25.32,24.71,0.08,96.69,2.96,0.36,3,1,26-023
002,30.28,31.4,103.7,7.81,63.12,36.85,0.03,0.18,11.04,26.61,30.7,25.95,5.5,55.48,44.43,0.1,0.51,16.45,32.93,25.32,24.71,0.08,96.69,2.96,0.36,3,1,26-024
002,30.28,31.4,103.7,7.81,63.12,36.85,0.03,0.18,11.04,26.61,30.7,25.95,5.5,55.48,44.43,0.1,0.51,16.45,32.93,25.32,24.71,0.08,96.69,2.96,0.36,3,1,26-025
002,30.28,31.4,103.7,7.81,63.12,36.85,0.03,0.18,11.04,26.61,30.7,25.95,5.5,55.48,44.43,0.1,0.51,16.45,32.93,25.32,24.71,0.08,96.69,2.96,0.36,3,1,26-026
002,30.28,31.4,103.7,7.81,63.12,36.85,0.03,0.18,11.04,26.61,30.7,25.95,5.5,55.48,44.43,0.1,0.51,16.45,32.93,25.32,24.71,0.08,96.69,2.96,0.36,3,1,26-027
002,30.28,31.4,103.7,7.81,63.12,36.85,0.03,0.18,11.04,26.61,30.7,25.95,5.5,55.48,44.43,0.1,0.51,16.45,32.93,25.32,24.71,0.08,96.69,2.96,0.36,3,1,26-028
002,30.28,31.4,103.7,7.81,63.12,36.85,0.03,0.18,11.04,26.61,30.7,25.95,5.5,55.48,44.43,0.1,0.51,16.45,32.93,25.32,24.71,0.08,96.69,2.96,0.36,3,1,26-029
002,30.28,31.4,103.7,7.81,63.12,36.85,0.03,0.18,11.04,26.61,30.7,25.95,5.5,55.48,44.43,0.1,0.51,16.45,32.93,25.32,24.71,0.08,96.69,2.96,0.36,3,1,26-030
002,30.28,31.4,103.7,7.81,63.12,36.85,0.03,0.18,11.04,26.61,30.7,25.95,5.5,55.48,44.43,0.1,0.51,16.45,32.93,25.32,24.71,0.08,96.69,2.96,0.36,3,1,26-031
002,30.28,31.4,103.7,7.81,63.12,36.85,0.03,0.18,11.04,26.61,30.7,25.95,5.5,55.48,44.43,0.1,0.51,16.45,32.93,25.32,24.71,0.08,96.69,2.96,0.36,3,1,27-006
002,30.28,31.4,103.7,7.81,63.12,36.85,0.03,0.18,11.04,26.61,30.7,25.95,5.5,55.48,44.43,0.1,0.51,16.45,32.93,25.32,24.71,0.08,96.69,2.96,0.36,3,1,27-007
002,30.28,31.4,103.7,7.81,63.12,36.85,0.03,0.18,11.04,26.61,30.7,25.95,5.5,55.48,44.43,0.1,0.51,16.45,32.93,25.32,24.71,0.08,96.69,2.96,0.36,3,1,27-008
002,30.28,31.4,103.7,7.81,63.12,36.85,0.03,0.18,11.04,26.61,30.7,25.95,5.5,55.48,44.43,0.1,0.51,16.45,32.93,25.32,24.71,0.08,96.69,2.96,0.36,3,1,27-010
003,33.59,38.84,115.64,3.41,61.52,38.42,0.06,0.19,10.54,30.44,26.86,26.84,5.13,55,44.9,0.09,0.48,14.97,33.84,23.72,26.92,0.07,97.21,2.43,0.37,3,1,08-001
003,33.59,38.84,115.64,3.41,61.52,38.42,0.06,0.19,10.54,30.44,26.86,26.84,5.13,55,44.9,0.09,0.48,14.97,33.84,23.72,26.92,0.07,97.21,2.43,0.37,3,1,08-008
003,33.59,38.84,115.64,3.41,61.52,38.42,0.06,0.19,10.54,30.44,26.86,26.84,5.13,55,44.9,0.09,0.48,14.97,33.84,23.72,26.92,0.07,97.21,2.43,0.37,3,1,08-009
003,33.59,38.84,115.64,3.41,61.52,38.42,0.06,0.19,10.54,30.44,26.86,26.84,5.13,55,44.9,0.09,0.48,14.97,33.84,23.72,26.92,0.07,97.21,2.43,0.37,3,1,27-001
003,33.59,38.84,115.64,3.41,61.52,38.42,0.06,0.19,10.54,30.44,26.86,26.84,5.13,55,44.9,0.09,0.48,14.97,33.84,23.72,26.92,0.07,97.21,2.43,0.37,3,1,27-002
003,33.59,38.84,115.64,3.41,61.52,38.42,0.06,0.19,10.54,30.44,26.86,26.84,5.13,55,44.9,0.09,0.48,14.97,33.84,23.72,26.92,0.07,97.21,2.43,0.37,3,1,27-003
003,33.59,38.84,115.64,3.41,61.52,38.42,0.06,0.19,10.54,30.44,26.86,26.84,5.13,55,44.9,0.09,0.48,14.97,33.84,23.72,26.92,0.07,97.21,2.43,0.37,3,1,27-004
003,33.59,38.84,115.64,3.41,61.52,38.42,0.06,0.19,10.54,30.44,26.86,26.84,5.13,55,44.9,0.09,0.48,14.97,33.84,23.72,26.92,0.07,97.21,2.43,0.37,3,1,27-005
003,33.59,38.84,115.64,3.41,61.52,38.42,0.06,0.19,10.54,30.44,26.86,26.84,5.13,55,44.9,0.09,0.48,14.97,33.84,23.72,26.92,0.07,97.21,2.43,0.37,3,1,27-009
003,33.59,38.84,115.64,3.41,61.52,38.42,0.06,0.19,10.54,30.44,26.86,26.84,5.13,55,44.9,0.09,0.48,14.97,33.84,23.72,26.92,0.07,97.21,2.43,0.37,3,1,27-011
003,33.59,38.84,115.64,3.41,61.52,38.42,0.06,0.19,10.54,30.44,26.86,26.84,5.13,55,44.9,0.09,0.48,14.97,33.84,23.72,26.92,0.07,97.21,2.43,0.37,3,1,27-012
003,33.59,38.84,115.64,3.41,61.52,38.42,0.06,0.19,10.54,30.44,26.86,26.84,5.13,55,44.9,0.09,0.48,14.97,33.84,23.72,26.92,0.07,97.21,2.43,0.37,3,1,27-013
003,33.59,38.84,115.64,3.41,61.52,38.42,0.06,0.19,10.54,30.44,26.86,26.84,5.13,55,44.9,0.09,0.48,14.97,33.84,23.72,26.92,0.07,97.21,2.43,0.37,3,1,27-014
003,33.59,38.84,115.64,3.41,61.52,38.42,0.06,0.19,10.54,30.44,26.86,26.84,5.13,55,44.9,0.09,0.48,14.97,33.84,23.72,26.92,0.07,97.21,2.43,0.37,3,1,27-015
003,33.59,38.84,115.64,3.41,61.52,38.42,0.06,0.19,10.54,30.44,26.86,26.84,5.13,55,44.9,0.09,0.48,14.97,33.84,23.72,26.92,0.07,97.21,2.43,0.37,3,1,27-016
003,33.59,38.84,115.64,3.41,61.52,38.42,0.06,0.19,10.54,30.44,26.86,26.84,5.13,55,44.9,0.09,0.48,14.97,33.84,23.72,26.92,0.07,97.21,2.43,0.37,3,1,27-017
003,33.59,38.84,115.64,3.41,61.52,38.42,0.06,0.19,10.54,30.44,26.86,26.84,5.13,55,44.9,0.09,0.48,14.97,33.84,23.72,26.92,0.07,97.21,2.43,0.37,3,1,27-018
003,33.59,38.84,115.64,3.41,61.52,38.42,0.06,0.19,10.54,30.44,26.86,26.84,5.13,55,44.9,0.09,0.48,14.97,33.84,23.72,26.92,0.07,97.21,2.43,0.37,3,1,27-022
003,33.59,38.84,115.64,3.41,61.52,38.42,0.06,0.19,10.54,30.44,26.86,26.84,5.13,55,44.9,0.09,0.48,14.97,33.84,23.72,26.92,0.07,97.21,2.43,0.37,3,1,27-023
003,33.59,38.84,115.64,3.41,61.52,38.42,0.06,0.19,10.54,30.44,26.86,26.84,5.13,55,44.9,0.09,0.48,14.97,33.84,23.72,26.92,0.07,97.21,2.43,0.37,3,1,27-024
003,33.59,38.84,115.64,3.41,61.52,38.42,0.06,0.19,10.54,30.44,26.86,26.84,5.13,55,44.9,0.09,0.48,14.97,33.84,23.72,26.92,0.07,97.21,2.43,0.37,3,1,27-025
003,33.59,38.84,115.64,3.41,61.52,38.42,0.06,0.19,10.54,30.44,26.86,26.84,5.13,55,44.9,0.09,0.48,14.97,33.84,23.72,26.92,0.07,97.21,2.43,0.37,3,1,27-026
004,33.56,40.24,119.9,2.97,62.46,37.45,0.09,0.24,10.59,25.68,28.98,29.39,5.12,56.28,43.6,0.12,0.55,14.76,32.61,24.69,27.32,0.06,97.36,2.32,0.31,10,0,09-001
004,33.56,40.24,119.9,2.97,62.46,37.45,0.09,0.24,10.59,25.68,28.98,29.39,5.12,56.28,43.6,0.12,0.55,14.76,32.61,24.69,27.32,0.06,97.36,2.32,0.31,10,0,09-002
004,33.56,40.24,119.9,2.97,62.46,37.45,0.09,0.24,10.59,25.68,28.98,29.39,5.12,56.28,43.6,0.12,0.55,14.76,32.61,24.69,27.32,0.06,97.36,2.32,0.31,10,0,27-019
004,33.56,40.24,119.9,2.97,62.46,37.45,0.09,0.24,10.59,25.68,28.98,29.39,5.12,56.28,43.6,0.12,0.55,14.76,32.61,24.69,27.32,0.06,97.36,2.32,0.31,10,0,27-020
004,33.56,40.24,119.9,2.97,62.46,37.45,0.09,0.24,10.59,25.68,28.98,29.39,5.12,56.28,43.6,0.12,0.55,14.76,32.61,24.69,27.32,0.06,97.36,2.32,0.31,10,0,27-021
004,33.56,40.24,119.9,2.97,62.46,37.45,0.09,0.24,10.59,25.68,28.98,29.39,5.12,56.28,43.6,0.12,0.55,14.76,32.61,24.69,27.32,0.06,97.36,2.32,0.31,10,0,27-027
004,33.56,40.24,119.9,2.97,62.46,37.45,0.09,0.24,10.59,25.68,28.98,29.39,5.12,56.28,43.6,0.12,0.55,14.76,32.61,24.69,27.32,0.06,97.36,2.32,0.31,10,0,27-028
004,33.56,40.24,119.9,2.97,62.46,37.45,0.09,0.24,10.59,25.68,28.98,29.39,5.12,56.28,43.6,0.12,0.55,14.76,32.61,24.69,27.32,0.06,97.36,2.32,0.31,10,0,27-029
004,33.56,40.24,119.9,2.97,62.46,37.45,0.09,0.24,10.59,25.68,28.98,29.39,5.12,56.28,43.6,0.12,0.55,14.76,32.61,24.69,27.32,0.06,97.36,2.32,0.31,10,0,27-030
004,33.56,40.24,119.9,2.97,62.46,37.45,0.09,0.24,10.59,25.68,28.98,29.39,5.12,56.28,43.6,0.12,0.55,14.76,32.61,24.69,27.32,0.06,97.36,2.32,0.31,10,0,27-031
004,33.56,40.24,119.9,2.97,62.46,37.45,0.09,0.24,10.59,25.68,28.98,29.39,5.12,56.28,43.6,0.12,0.55,14.76,32.61,24.69,27.32,0.06,97.36,2.32,0.31,10,0,27-032
004,33.56,40.24,119.9,2.97,62.46,37.45,0.09,0.24,10.59,25.68,28.98,29.39,5.12,56.28,43.6,0.12,0.55,14.76,32.61,24.69,27.32,0.06,97.36,2.32,0.31,10,0,27-033
004,33.56,40.24,119.9,2.97,62.46,37.45,0.09,0.24,10.59,25.68,28.98,29.39,5.12,56.28,43.6,0.12,0.55,14.76,32.61,24.69,27.32,0.06,97.36,2.32,0.31,10,0,27-034
004,33.56,40.24,119.9,2.97,62.46,37.45,0.09,0.24,10.59,25.68,28.98,29.39,5.12,56.28,43.6,0.12,0.55,14.76,32.61,24.69,27.32,0.06,97.36,2.32,0.31,10,0,27-035
004,33.56,40.24,119.9,2.97,62.46,37.45,0.09,0.24,10.59,25.68,28.98,29.39,5.12,56.28,43.6,0.12,0.55,14.76,32.61,24.69,27.32,0.06,97.36,2.32,0.31,10,0,27-036
004,33.56,40.24,119.9,2.97,62.46,37.45,0.09,0.24,10.59,25.68,28.98,29.39,5.12,56.28,43.6,0.12,0.55,14.76,32.61,24.69,27.32,0.06,97.36,2.32,0.31,10,0,27-037
004,33.56,40.24,119.9,2.97,62.46,37.45,0.09,0.24,10.59,25.68,28.98,29.39,5.12,56.28,43.6,0.12,0.55,14.76,32.61,24.69,27.32,0.06,97.36,2.32,0.31,10,0,27-038
004,33.56,40.24,119.9,2.97,62.46,37.45,0.09,0.24,10.59,25.68,28.98,29.39,5.12,56.28,43.6,0.12,0.55,14.76,32.61,24.69,27.32,0.06,97.36,2.32,0.31,10,0,27-039
004,33.56,40.24,119.9,2.97,62.46,37.45,0.09,0.24,10.59,25.68,28.98,29.39,5.12,56.28,43.6,0.12,0.55,14.76,32.61,24.69,27.32,0.06,97.36,2.32,0.31,10,0,27-040
004,33.56,40.24,119.9,2.97,62.46,37.45,0.09,0.24,10.59,25.68,28.98,29.39,5.12,56.28,43.6,0.12,0.55,14.76,32.61,24.69,27.32,0.06,97.36,2.32,0.31,10,0,27-041
005,33.15,41.5,125.18,5.28,59.82,40.05,0.13,0.36,11.34,22.58,25.09,35.96,4.68,55.47,44.33,0.2,0.5,13.96,28.75,21.05,35.69,0.05,96.95,2.72,0.33,2,1,27-042
005,33.15,41.5,125.18,5.28,59.82,40.05,0.13,0.36,11.34,22.58,25.09,35.96,4.68,55.47,44.33,0.2,0.5,13.96,28.75,21.05,35.69,0.05,96.95,2.72,0.33,2,1,27-049
005,33.15,41.5,125.18,5.28,59.82,40.05,0.13,0.36,11.34,22.58,25.09,35.96,4.68,55.47,44.33,0.2,0.5,13.96,28.75,21.05,35.69,0.05,96.95,2.72,0.33,2,1,27-050
005,33.15,41.5,125.18,5.28,59.82,40.05,0.13,0.36,11.34,22.58,25.09,35.96,4.68,55.47,44.33,0.2,0.5,13.96,28.75,21.05,35.69,0.05,96.95,2.72,0.33,2,1,27-051
005,33.15,41.5,125.18,5.28,59.82,40.05,0.13,0.36,11.34,22.58,25.09,35.96,4.68,55.47,44.33,0.2,0.5,13.96,28.75,21.05,35.69,0.05,96.95,2.72,0.33,2,1,27-057
005,33.15,41.5,125.18,5.28,59.82,40.05,0.13,0.36,11.34,22.58,25.09,35.96,4.68,55.47,44.33,0.2,0.5,13.96,28.75,21.05,35.69,0.05,96.95,2.72,0.33,2,1,27-059
005,33.15,41.5,125.18,5.28,59.82,40.05,0.13,0.36,11.34,22.58,25.09,35.96,4.68,55.47,44.33,0.2,0.5,13.96,28.75,21.05,35.69,0.05,96.95,2.72,0.33,2,1,27-060
005,33.15,41.5,125.18,5.28,59.82,40.05,0.13,0.36,11.34,22.58,25.09,35.96,4.68,55.47,44.33,0.2,0.5,13.96,28.75,21.05,35.69,0.05,96.95,2.72,0.33,2,1,27-061
005,33.15,41.5,125.18,5.28,59.82,40.05,0.13,0.36,11.34,22.58,25.09,35.96,4.68,55.47,44.33,0.2,0.5,13.96,28.75,21.05,35.69,0.05,96.95,2.72,0.33,2,1,27-062
005,33.15,41.5,125.18,5.28,59.82,40.05,0.13,0.36,11.34,22.58,25.09,35.96,4.68,55.47,44.33,0.2,0.5,13.96,28.75,21.05,35.69,0.05,96.95,2.72,0.33,2,1,27-063
005,33.15,41.5,125.18,5.28,59.82,40.05,0.13,0.36,11.34,22.58,25.09,35.96,4.68,55.47,44.33,0.2,0.5,13.96,28.75,21.05,35.69,0.05,96.95,2.72,0.33,2,1,27-064
005,33.15,41.5,125.18,5.28,59.82,40.05,0.13,0.36,11.34,22.58,25.09,35.96,4.68,55.47,44.33,0.2,0.5,13.96,28.75,21.05,35.69,0.05,96.95,2.72,0.33,2,1,27-065
005,33.15,41.5,125.18,5.28,59.82,40.05,0.13,0.36,11.34,22.58,25.09,35.96,4.68,55.47,44.33,0.2,0.5,13.96,28.75,21.05,35.69,0.05,96.95,2.72,0.33,2,1,27-066
005,33.15,41.5,125.18,5.28,59.82,40.05,0.13,0.36,11.34,22.58,25.09,35.96,4.68,55.47,44.33,0.2,0.5,13.96,28.75,21.05,35.69,0.05,96.95,2.72,0.33,2,1,27-067
005,33.15,41.5,125.18,5.28,59.82,40.05,0.13,0.36,11.34,22.58,25.09,35.96,4.68,55.47,44.33,0.2,0.5,13.96,28.75,21.05,35.69,0.05,96.95,2.72,0.33,2,1,28-001
005,33.15,41.5,125.18,5.28,59.82,40.05,0.13,0.36,11.34,22.58,25.09,35.96,4.68,55.47,44.33,0.2,0.5,13.96,28.75,21.05,35.69,0.05,96.95,2.72,0.33,2,1,28-002
005,33.15,41.5,125.18,5.28,59.82,40.05,0.13,0.36,11.34,22.58,25.09,35.96,4.68,55.47,44.33,0.2,0.5,13.96,28.75,21.05,35.69,0.05,96.95,2.72,0.33,2,1,28-004
005,33.15,41.5,125.18,5.28,59.82,40.05,0.13,0.36,11.34,22.58,25.09,35.96,4.68,55.47,44.33,0.2,0.5,13.96,28.75,21.05,35.69,0.05,96.95,2.72,0.33,2,1,28-005
