Legislative,Voted_of_Registered_Adults,Voted_of_Adjusted_Total_Adults,Registered_of_Adjusted_Total_Adults,Hispanic_Latino_of_Total_Adjusted_Adults,Female_of_Voted,Male_of_Voted,UnknownSex_of_Voted,Ages16to17_of_Voted,Ages18to29_of_Voted,Ages30to49_of_Voted,Ages50to64_of_Voted,Ages65plus_of_Voted,UnknownAge_of_Voted,Female_of_Registered,Male_of_Registered,UnknownSex_of_Registered,Ages16to17_of_Registered,Ages18to29_of_Registered,Ages30to49_of_Registered,Ages50to64_of_Registered,Ages65plus_of_Registered,UnknownAge_of_Registered,Precinct
45,27.18,32.19,118.41,4.89,62.37,37.56,0.07,0.16,11.34,27.58,29.54,25.83,5.55,54.25,45.63,0.12,0.4,15.66,33.73,25.16,24.94,0.1,05-002
45,27.18,32.19,118.41,4.89,62.37,37.56,0.07,0.16,11.34,27.58,29.54,25.83,5.55,54.25,45.63,0.12,0.4,15.66,33.73,25.16,24.94,0.1,06-003
45,27.18,32.19,118.41,4.89,62.37,37.56,0.07,0.16,11.34,27.58,29.54,25.83,5.55,54.25,45.63,0.12,0.4,15.66,33.73,25.16,24.94,0.1,07-001
45,27.18,32.19,118.41,4.89,62.37,37.56,0.07,0.16,11.34,27.58,29.54,25.83,5.55,54.25,45.63,0.12,0.4,15.66,33.73,25.16,24.94,0.1,07-002
45,27.18,32.19,118.41,4.89,62.37,37.56,0.07,0.16,11.34,27.58,29.54,25.83,5.55,54.25,45.63,0.12,0.4,15.66,33.73,25.16,24.94,0.1,07-003
45,27.18,32.19,118.41,4.89,62.37,37.56,0.07,0.16,11.34,27.58,29.54,25.83,5.55,54.25,45.63,0.12,0.4,15.66,33.73,25.16,24.94,0.1,07-004
45,27.18,32.19,118.41,4.89,62.37,37.56,0.07,0.16,11.34,27.58,29.54,25.83,5.55,54.25,45.63,0.12,0.4,15.66,33.73,25.16,24.94,0.1,08-001
45,27.18,32.19,118.41,4.89,62.37,37.56,0.07,0.16,11.34,27.58,29.54,25.83,5.55,54.25,45.63,0.12,0.4,15.66,33.73,25.16,24.94,0.1,08-002
45,27.18,32.19,118.41,4.89,62.37,37.56,0.07,0.16,11.34,27.58,29.54,25.83,5.55,54.25,45.63,0.12,0.4,15.66,33.73,25.16,24.94,0.1,08-003
45,27.18,32.19,118.41,4.89,62.37,37.56,0.07,0.16,11.34,27.58,29.54,25.83,5.55,54.25,45.63,0.12,0.4,15.66,33.73,25.16,24.94,0.1,08-004
45,27.18,32.19,118.41,4.89,62.37,37.56,0.07,0.16,11.34,27.58,29.54,25.83,5.55,54.25,45.63,0.12,0.4,15.66,33.73,25.16,24.94,0.1,08-005
45,27.18,32.19,118.41,4.89,62.37,37.56,0.07,0.16,11.34,27.58,29.54,25.83,5.55,54.25,45.63,0.12,0.4,15.66,33.73,25.16,24.94,0.1,08-006
45,27.18,32.19,118.41,4.89,62.37,37.56,0.07,0.16,11.34,27.58,29.54,25.83,5.55,54.25,45.63,0.12,0.4,15.66,33.73,25.16,24.94,0.1,08-007
45,27.18,32.19,118.41,4.89,62.37,37.56,0.07,0.16,11.34,27.58,29.54,25.83,5.55,54.25,45.63,0.12,0.4,15.66,33.73,25.16,24.94,0.1,08-009
45,27.18,32.19,118.41,4.89,62.37,37.56,0.07,0.16,11.34,27.58,29.54,25.83,5.55,54.25,45.63,0.12,0.4,15.66,33.73,25.16,24.94,0.1,08-010
45,27.18,32.19,118.41,4.89,62.37,37.56,0.07,0.16,11.34,27.58,29.54,25.83,5.55,54.25,45.63,0.12,0.4,15.66,33.73,25.16,24.94,0.1,08-011
45,27.18,32.19,118.41,4.89,62.37,37.56,0.07,0.16,11.34,27.58,29.54,25.83,5.55,54.25,45.63,0.12,0.4,15.66,33.73,25.16,24.94,0.1,09-013
45,27.18,32.19,118.41,4.89,62.37,37.56,0.07,0.16,11.34,27.58,29.54,25.83,5.55,54.25,45.63,0.12,0.4,15.66,33.73,25.16,24.94,0.1,09-015
45,27.18,32.19,118.41,4.89,62.37,37.56,0.07,0.16,11.34,27.58,29.54,25.83,5.55,54.25,45.63,0.12,0.4,15.66,33.73,25.16,24.94,0.1,10-001
45,27.18,32.19,118.41,4.89,62.37,37.56,0.07,0.16,11.34,27.58,29.54,25.83,5.55,54.25,45.63,0.12,0.4,15.66,33.73,25.16,24.94,0.1,10-002
45,27.18,32.19,118.41,4.89,62.37,37.56,0.07,0.16,11.34,27.58,29.54,25.83,5.55,54.25,45.63,0.12,0.4,15.66,33.73,25.16,24.94,0.1,10-004
45,27.18,32.19,118.41,4.89,62.37,37.56,0.07,0.16,11.34,27.58,29.54,25.83,5.55,54.25,45.63,0.12,0.4,15.66,33.73,25.16,24.94,0.1,11-001
45,27.18,32.19,118.41,4.89,62.37,37.56,0.07,0.16,11.34,27.58,29.54,25.83,5.55,54.25,45.63,0.12,0.4,15.66,33.73,25.16,24.94,0.1,11-002
45,27.18,32.19,118.41,4.89,62.37,37.56,0.07,0.16,11.34,27.58,29.54,25.83,5.55,54.25,45.63,0.12,0.4,15.66,33.73,25.16,24.94,0.1,11-007
45,27.18,32.19,118.41,4.89,62.37,37.56,0.07,0.16,11.34,27.58,29.54,25.83,5.55,54.25,45.63,0.12,0.4,15.66,33.73,25.16,24.94,0.1,12-012
45,27.18,32.19,118.41,4.89,62.37,37.56,0.07,0.16,11.34,27.58,29.54,25.83,5.55,54.25,45.63,0.12,0.4,15.66,33.73,25.16,24.94,0.1,26-013
45,27.18,32.19,118.41,4.89,62.37,37.56,0.07,0.16,11.34,27.58,29.54,25.83,5.55,54.25,45.63,0.12,0.4,15.66,33.73,25.16,24.94,0.1,26-014
45,27.18,32.19,118.41,4.89,62.37,37.56,0.07,0.16,11.34,27.58,29.54,25.83,5.55,54.25,45.63,0.12,0.4,15.66,33.73,25.16,24.94,0.1,26-015
45,27.18,32.19,118.41,4.89,62.37,37.56,0.07,0.16,11.34,27.58,29.54,25.83,5.55,54.25,45.63,0.12,0.4,15.66,33.73,25.16,24.94,0.1,26-016
45,27.18,32.19,118.41,4.89,62.37,37.56,0.07,0.16,11.34,27.58,29.54,25.83,5.55,54.25,45.63,0.12,0.4,15.66,33.73,25.16,24.94,0.1,26-017
45,27.18,32.19,118.41,4.89,62.37,37.56,0.07,0.16,11.34,27.58,29.54,25.83,5.55,54.25,45.63,0.12,0.4,15.66,33.73,25.16,24.94,0.1,26-018
45,27.18,32.19,118.41,4.89,62.37,37.56,0.07,0.16,11.34,27.58,29.54,25.83,5.55,54.25,45.63,0.12,0.4,15.66,33.73,25.16,24.94,0.1,26-019
45,27.18,32.19,118.41,4.89,62.37,37.56,0.07,0.16,11.34,27.58,29.54,25.83,5.55,54.25,45.63,0.12,0.4,15.66,33.73,25.16,24.94,0.1,26-020
45,27.18,32.19,118.41,4.89,62.37,37.56,0.07,0.16,11.34,27.58,29.54,25.83,5.55,54.25,45.63,0.12,0.4,15.66,33.73,25.16,24.94,0.1,26-021
45,27.18,32.19,118.41,4.89,62.37,37.56,0.07,0.16,11.34,27.58,29.54,25.83,5.55,54.25,45.63,0.12,0.4,15.66,33.73,25.16,24.94,0.1,26-022
45,27.18,32.19,118.41,4.89,62.37,37.56,0.07,0.16,11.34,27.58,29.54,25.83,5.55,54.25,45.63,0.12,0.4,15.66,33.73,25.16,24.94,0.1,26-023
45,27.18,32.19,118.41,4.89,62.37,37.56,0.07,0.16,11.34,27.58,29.54,25.83,5.55,54.25,45.63,0.12,0.4,15.66,33.73,25.16,24.94,0.1,26-024
45,27.18,32.19,118.41,4.89,62.37,37.56,0.07,0.16,11.34,27.58,29.54,25.83,5.55,54.25,45.63,0.12,0.4,15.66,33.73,25.16,24.94,0.1,26-025
45,27.18,32.19,118.41,4.89,62.37,37.56,0.07,0.16,11.34,27.58,29.54,25.83,5.55,54.25,45.63,0.12,0.4,15.66,33.73,25.16,24.94,0.1,26-026
45,27.18,32.19,118.41,4.89,62.37,37.56,0.07,0.16,11.34,27.58,29.54,25.83,5.55,54.25,45.63,0.12,0.4,15.66,33.73,25.16,24.94,0.1,26-027
45,27.18,32.19,118.41,4.89,62.37,37.56,0.07,0.16,11.34,27.58,29.54,25.83,5.55,54.25,45.63,0.12,0.4,15.66,33.73,25.16,24.94,0.1,26-028
45,27.18,32.19,118.41,4.89,62.37,37.56,0.07,0.16,11.34,27.58,29.54,25.83,5.55,54.25,45.63,0.12,0.4,15.66,33.73,25.16,24.94,0.1,26-029
45,27.18,32.19,118.41,4.89,62.37,37.56,0.07,0.16,11.34,27.58,29.54,25.83,5.55,54.25,45.63,0.12,0.4,15.66,33.73,25.16,24.94,0.1,26-030
45,27.18,32.19,118.41,4.89,62.37,37.56,0.07,0.16,11.34,27.58,29.54,25.83,5.55,54.25,45.63,0.12,0.4,15.66,33.73,25.16,24.94,0.1,26-031
45,27.18,32.19,118.41,4.89,62.37,37.56,0.07,0.16,11.34,27.58,29.54,25.83,5.55,54.25,45.63,0.12,0.4,15.66,33.73,25.16,24.94,0.1,26-032
45,27.18,32.19,118.41,4.89,62.37,37.56,0.07,0.16,11.34,27.58,29.54,25.83,5.55,54.25,45.63,0.12,0.4,15.66,33.73,25.16,24.94,0.1,26-033
45,27.18,32.19,118.41,4.89,62.37,37.56,0.07,0.16,11.34,27.58,29.54,25.83,5.55,54.25,45.63,0.12,0.4,15.66,33.73,25.16,24.94,0.1,27-001
45,27.18,32.19,118.41,4.89,62.37,37.56,0.07,0.16,11.34,27.58,29.54,25.83,5.55,54.25,45.63,0.12,0.4,15.66,33.73,25.16,24.94,0.1,27-002
45,27.18,32.19,118.41,4.89,62.37,37.56,0.07,0.16,11.34,27.58,29.54,25.83,5.55,54.25,45.63,0.12,0.4,15.66,33.73,25.16,24.94,0.1,27-003
45,27.18,32.19,118.41,4.89,62.37,37.56,0.07,0.16,11.34,27.58,29.54,25.83,5.55,54.25,45.63,0.12,0.4,15.66,33.73,25.16,24.94,0.1,27-004
45,27.18,32.19,118.41,4.89,62.37,37.56,0.07,0.16,11.34,27.58,29.54,25.83,5.55,54.25,45.63,0.12,0.4,15.66,33.73,25.16,24.94,0.1,27-005
45,27.18,32.19,118.41,4.89,62.37,37.56,0.07,0.16,11.34,27.58,29.54,25.83,5.55,54.25,45.63,0.12,0.4,15.66,33.73,25.16,24.94,0.1,27-006
45,27.18,32.19,118.41,4.89,62.37,37.56,0.07,0.16,11.34,27.58,29.54,25.83,5.55,54.25,45.63,0.12,0.4,15.66,33.73,25.16,24.94,0.1,27-007
45,27.18,32.19,118.41,4.89,62.37,37.56,0.07,0.16,11.34,27.58,29.54,25.83,5.55,54.25,45.63,0.12,0.4,15.66,33.73,25.16,24.94,0.1,27-008
45,27.18,32.19,118.41,4.89,62.37,37.56,0.07,0.16,11.34,27.58,29.54,25.83,5.55,54.25,45.63,0.12,0.4,15.66,33.73,25.16,24.94,0.1,27-009
45,27.18,32.19,118.41,4.89,62.37,37.56,0.07,0.16,11.34,27.58,29.54,25.83,5.55,54.25,45.63,0.12,0.4,15.66,33.73,25.16,24.94,0.1,27-010
45,27.18,32.19,118.41,4.89,62.37,37.56,0.07,0.16,11.34,27.58,29.54,25.83,5.55,54.25,45.63,0.12,0.4,15.66,33.73,25.16,24.94,0.1,27-011
45,27.18,32.19,118.41,4.89,62.37,37.56,0.07,0.16,11.34,27.58,29.54,25.83,5.55,54.25,45.63,0.12,0.4,15.66,33.73,25.16,24.94,0.1,27-014
46,21.12,22.48,106.46,16.06,56.78,43.11,0.11,0.07,18.5,35.28,20.74,19.39,6.01,51.39,48.46,0.15,0.2,19.41,42.3,18.59,19.42,0.08,01-001
46,21.12,22.48,106.46,16.06,56.78,43.11,0.11,0.07,18.5,35.28,20.74,19.39,6.01,51.39,48.46,0.15,0.2,19.41,42.3,18.59,19.42,0.08,01-002
46,21.12,22.48,106.46,16.06,56.78,43.11,0.11,0.07,18.5,35.28,20.74,19.39,6.01,51.39,48.46,0.15,0.2,19.41,42.3,18.59,19.42,0.08,01-003
46,21.12,22.48,106.46,16.06,56.78,43.11,0.11,0.07,18.5,35.28,20.74,19.39,6.01,51.39,48.46,0.15,0.2,19.41,42.3,18.59,19.42,0.08,01-004
46,21.12,22.48,106.46,16.06,56.78,43.11,0.11,0.07,18.5,35.28,20.74,19.39,6.01,51.39,48.46,0.15,0.2,19.41,42.3,18.59,19.42,0.08,01-005
46,21.12,22.48,106.46,16.06,56.78,43.11,0.11,0.07,18.5,35.28,20.74,19.39,6.01,51.39,48.46,0.15,0.2,19.41,42.3,18.59,19.42,0.08,02-001
46,21.12,22.48,106.46,16.06,56.78,43.11,0.11,0.07,18.5,35.28,20.74,19.39,6.01,51.39,48.46,0.15,0.2,19.41,42.3,18.59,19.42,0.08,02-002
46,21.12,22.48,106.46,16.06,56.78,43.11,0.11,0.07,18.5,35.28,20.74,19.39,6.01,51.39,48.46,0.15,0.2,19.41,42.3,18.59,19.42,0.08,02-003
46,21.12,22.48,106.46,16.06,56.78,43.11,0.11,0.07,18.5,35.28,20.74,19.39,6.01,51.39,48.46,0.15,0.2,19.41,42.3,18.59,19.42,0.08,03-001
46,21.12,22.48,106.46,16.06,56.78,43.11,0.11,0.07,18.5,35.28,20.74,19.39,6.01,51.39,48.46,0.15,0.2,19.41,42.3,18.59,19.42,0.08,03-002
46,21.12,22.48,106.46,16.06,56.78,43.11,0.11,0.07,18.5,35.28,20.74,19.39,6.01,51.39,48.46,0.15,0.2,19.41,42.3,18.59,19.42,0.08,03-003
46,21.12,22.48,106.46,16.06,56.78,43.11,0.11,0.07,18.5,35.28,20.74,19.39,6.01,51.39,48.46,0.15,0.2,19.41,42.3,18.59,19.42,0.08,04-001
46,21.12,22.48,106.46,16.06,56.78,43.11,0.11,0.07,18.5,35.28,20.74,19.39,6.01,51.39,48.46,0.15,0.2,19.41,42.3,18.59,19.42,0.08,05-001
46,21.12,22.48,106.46,16.06,56.78,43.11,0.11,0.07,18.5,35.28,20.74,19.39,6.01,51.39,48.46,0.15,0.2,19.41,42.3,18.59,19.42,0.08,06-001
46,21.12,22.48,106.46,16.06,56.78,43.11,0.11,0.07,18.5,35.28,20.74,19.39,6.01,51.39,48.46,0.15,0.2,19.41,42.3,18.59,19.42,0.08,06-002
46,21.12,22.48,106.46,16.06,56.78,43.11,0.11,0.07,18.5,35.28,20.74,19.39,6.01,51.39,48.46,0.15,0.2,19.41,42.3,18.59,19.42,0.08,06-004
46,21.12,22.48,106.46,16.06,56.78,43.11,0.11,0.07,18.5,35.28,20.74,19.39,6.01,51.39,48.46,0.15,0.2,19.41,42.3,18.59,19.42,0.08,06-005
46,21.12,22.48,106.46,16.06,56.78,43.11,0.11,0.07,18.5,35.28,20.74,19.39,6.01,51.39,48.46,0.15,0.2,19.41,42.3,18.59,19.42,0.08,10-003
46,21.12,22.48,106.46,16.06,56.78,43.11,0.11,0.07,18.5,35.28,20.74,19.39,6.01,51.39,48.46,0.15,0.2,19.41,42.3,18.59,19.42,0.08,21-004
46,21.12,22.48,106.46,16.06,56.78,43.11,0.11,0.07,18.5,35.28,20.74,19.39,6.01,51.39,48.46,0.15,0.2,19.41,42.3,18.59,19.42,0.08,21-005
46,21.12,22.48,106.46,16.06,56.78,43.11,0.11,0.07,18.5,35.28,20.74,19.39,6.01,51.39,48.46,0.15,0.2,19.41,42.3,18.59,19.42,0.08,22-001
46,21.12,22.48,106.46,16.06,56.78,43.11,0.11,0.07,18.5,35.28,20.74,19.39,6.01,51.39,48.46,0.15,0.2,19.41,42.3,18.59,19.42,0.08,22-002
46,21.12,22.48,106.46,16.06,56.78,43.11,0.11,0.07,18.5,35.28,20.74,19.39,6.01,51.39,48.46,0.15,0.2,19.41,42.3,18.59,19.42,0.08,23-001
46,21.12,22.48,106.46,16.06,56.78,43.11,0.11,0.07,18.5,35.28,20.74,19.39,6.01,51.39,48.46,0.15,0.2,19.41,42.3,18.59,19.42,0.08,23-002
46,21.12,22.48,106.46,16.06,56.78,43.11,0.11,0.07,18.5,35.28,20.74,19.39,6.01,51.39,48.46,0.15,0.2,19.41,42.3,18.59,19.42,0.08,23-003
46,21.12,22.48,106.46,16.06,56.78,43.11,0.11,0.07,18.5,35.28,20.74,19.39,6.01,51.39,48.46,0.15,0.2,19.41,42.3,18.59,19.42,0.08,24-001
46,21.12,22.48,106.46,16.06,56.78,43.11,0.11,0.07,18.5,35.28,20.74,19.39,6.01,51.39,48.46,0.15,0.2,19.41,42.3,18.59,19.42,0.08,24-002
46,21.12,22.48,106.46,16.06,56.78,43.11,0.11,0.07,18.5,35.28,20.74,19.39,6.01,51.39,48.46,0.15,0.2,19.41,42.3,18.59,19.42,0.08,24-003
46,21.12,22.48,106.46,16.06,56.78,43.11,0.11,0.07,18.5,35.28,20.74,19.39,6.01,51.39,48.46,0.15,0.2,19.41,42.3,18.59,19.42,0.08,24-004
46,21.12,22.48,106.46,16.06,56.78,43.11,0.11,0.07,18.5,35.28,20.74,19.39,6.01,51.39,48.46,0.15,0.2,19.41,42.3,18.59,19.42,0.08,24-005
46,21.12,22.48,106.46,16.06,56.78,43.11,0.11,0.07,18.5,35.28,20.74,19.39,6.01,51.39,48.46,0.15,0.2,19.41,42.3,18.59,19.42,0.08,25-005
46,21.12,22.48,106.46,16.06,56.78,43.11,0.11,0.07,18.5,35.28,20.74,19.39,6.01,51.39,48.46,0.15,0.2,19.41,42.3,18.59,19.42,0.08,25-006
46,21.12,22.48,106.46,16.06,56.78,43.11,0.11,0.07,18.5,35.28,20.74,19.39,6.01,51.39,48.46,0.15,0.2,19.41,42.3,18.59,19.42,0.08,25-007
46,21.12,22.48,106.46,16.06,56.78,43.11,0.11,0.07,18.5,35.28,20.74,19.39,6.01,51.39,48.46,0.15,0.2,19.41,42.3,18.59,19.42,0.08,25-008
46,21.12,22.48,106.46,16.06,56.78,43.11,0.11,0.07,18.5,35.28,20.74,19.39,6.01,51.39,48.46,0.15,0.2,19.41,42.3,18.59,19.42,0.08,25-009
46,21.12,22.48,106.46,16.06,56.78,43.11,0.11,0.07,18.5,35.28,20.74,19.39,6.01,51.39,48.46,0.15,0.2,19.41,42.3,18.59,19.42,0.08,25-010
46,21.12,22.48,106.46,16.06,56.78,43.11,0.11,0.07,18.5,35.28,20.74,19.39,6.01,51.39,48.46,0.15,0.2,19.41,42.3,18.59,19.42,0.08,25-011
46,21.12,22.48,106.46,16.06,56.78,43.11,0.11,0.07,18.5,35.28,20.74,19.39,6.01,51.39,48.46,0.15,0.2,19.41,42.3,18.59,19.42,0.08,25-012
46,21.12,22.48,106.46,16.06,56.78,43.11,0.11,0.07,18.5,35.28,20.74,19.39,6.01,51.39,48.46,0.15,0.2,19.41,42.3,18.59,19.42,0.08,25-013
46,21.12,22.48,106.46,16.06,56.78,43.11,0.11,0.07,18.5,35.28,20.74,19.39,6.01,51.39,48.46,0.15,0.2,19.41,42.3,18.59,19.42,0.08,25-014
46,21.12,22.48,106.46,16.06,56.78,43.11,0.11,0.07,18.5,35.28,20.74,19.39,6.01,51.39,48.46,0.15,0.2,19.41,42.3,18.59,19.42,0.08,25-015
46,21.12,22.48,106.46,16.06,56.78,43.11,0.11,0.07,18.5,35.28,20.74,19.39,6.01,51.39,48.46,0.15,0.2,19.41,42.3,18.59,19.42,0.08,25-016
46,21.12,22.48,106.46,16.06,56.78,43.11,0.11,0.07,18.5,35.28,20.74,19.39,6.01,51.39,48.46,0.15,0.2,19.41,42.3,18.59,19.42,0.08,26-001
46,21.12,22.48,106.46,16.06,56.78,43.11,0.11,0.07,18.5,35.28,20.74,19.39,6.01,51.39,48.46,0.15,0.2,19.41,42.3,18.59,19.42,0.08,26-002
46,21.12,22.48,106.46,16.06,56.78,43.11,0.11,0.07,18.5,35.28,20.74,19.39,6.01,51.39,48.46,0.15,0.2,19.41,42.3,18.59,19.42,0.08,26-003
46,21.12,22.48,106.46,16.06,56.78,43.11,0.11,0.07,18.5,35.28,20.74,19.39,6.01,51.39,48.46,0.15,0.2,19.41,42.3,18.59,19.42,0.08,26-004
46,21.12,22.48,106.46,16.06,56.78,43.11,0.11,0.07,18.5,35.28,20.74,19.39,6.01,51.39,48.46,0.15,0.2,19.41,42.3,18.59,19.42,0.08,26-005
46,21.12,22.48,106.46,16.06,56.78,43.11,0.11,0.07,18.5,35.28,20.74,19.39,6.01,51.39,48.46,0.15,0.2,19.41,42.3,18.59,19.42,0.08,26-006
46,21.12,22.48,106.46,16.06,56.78,43.11,0.11,0.07,18.5,35.28,20.74,19.39,6.01,51.39,48.46,0.15,0.2,19.41,42.3,18.59,19.42,0.08,26-007
46,21.12,22.48,106.46,16.06,56.78,43.11,0.11,0.07,18.5,35.28,20.74,19.39,6.01,51.39,48.46,0.15,0.2,19.41,42.3,18.59,19.42,0.08,26-008
46,21.12,22.48,106.46,16.06,56.78,43.11,0.11,0.07,18.5,35.28,20.74,19.39,6.01,51.39,48.46,0.15,0.2,19.41,42.3,18.59,19.42,0.08,26-009
46,21.12,22.48,106.46,16.06,56.78,43.11,0.11,0.07,18.5,35.28,20.74,19.39,6.01,51.39,48.46,0.15,0.2,19.41,42.3,18.59,19.42,0.08,26-010
46,21.12,22.48,106.46,16.06,56.78,43.11,0.11,0.07,18.5,35.28,20.74,19.39,6.01,51.39,48.46,0.15,0.2,19.41,42.3,18.59,19.42,0.08,26-011
46,21.12,22.48,106.46,16.06,56.78,43.11,0.11,0.07,18.5,35.28,20.74,19.39,6.01,51.39,48.46,0.15,0.2,19.41,42.3,18.59,19.42,0.08,26-012
40,21.95,27.23,124.05,4.16,60.4,39.5,0.1,0.11,12.23,27.73,26.74,27.99,5.2,53.17,46.66,0.17,0.28,15.07,34.97,23.37,26.11,0.19,04-002
40,21.95,27.23,124.05,4.16,60.4,39.5,0.1,0.11,12.23,27.73,26.74,27.99,5.2,53.17,46.66,0.17,0.28,15.07,34.97,23.37,26.11,0.19,04-003
40,21.95,27.23,124.05,4.16,60.4,39.5,0.1,0.11,12.23,27.73,26.74,27.99,5.2,53.17,46.66,0.17,0.28,15.07,34.97,23.37,26.11,0.19,11-003
40,21.95,27.23,124.05,4.16,60.4,39.5,0.1,0.11,12.23,27.73,26.74,27.99,5.2,53.17,46.66,0.17,0.28,15.07,34.97,23.37,26.11,0.19,11-005
40,21.95,27.23,124.05,4.16,60.4,39.5,0.1,0.11,12.23,27.73,26.74,27.99,5.2,53.17,46.66,0.17,0.28,15.07,34.97,23.37,26.11,0.19,11-006
40,21.95,27.23,124.05,4.16,60.4,39.5,0.1,0.11,12.23,27.73,26.74,27.99,5.2,53.17,46.66,0.17,0.28,15.07,34.97,23.37,26.11,0.19,12-013
40,21.95,27.23,124.05,4.16,60.4,39.5,0.1,0.11,12.23,27.73,26.74,27.99,5.2,53.17,46.66,0.17,0.28,15.07,34.97,23.37,26.11,0.19,13-002
40,21.95,27.23,124.05,4.16,60.4,39.5,0.1,0.11,12.23,27.73,26.74,27.99,5.2,53.17,46.66,0.17,0.28,15.07,34.97,23.37,26.11,0.19,13-003
40,21.95,27.23,124.05,4.16,60.4,39.5,0.1,0.11,12.23,27.73,26.74,27.99,5.2,53.17,46.66,0.17,0.28,15.07,34.97,23.37,26.11,0.19,13-004
40,21.95,27.23,124.05,4.16,60.4,39.5,0.1,0.11,12.23,27.73,26.74,27.99,5.2,53.17,46.66,0.17,0.28,15.07,34.97,23.37,26.11,0.19,13-005
40,21.95,27.23,124.05,4.16,60.4,39.5,0.1,0.11,12.23,27.73,26.74,27.99,5.2,53.17,46.66,0.17,0.28,15.07,34.97,23.37,26.11,0.19,13-006
40,21.95,27.23,124.05,4.16,60.4,39.5,0.1,0.11,12.23,27.73,26.74,27.99,5.2,53.17,46.66,0.17,0.28,15.07,34.97,23.37,26.11,0.19,13-007
40,21.95,27.23,124.05,4.16,60.4,39.5,0.1,0.11,12.23,27.73,26.74,27.99,5.2,53.17,46.66,0.17,0.28,15.07,34.97,23.37,26.11,0.19,13-008
40,21.95,27.23,124.05,4.16,60.4,39.5,0.1,0.11,12.23,27.73,26.74,27.99,5.2,53.17,46.66,0.17,0.28,15.07,34.97,23.37,26.11,0.19,13-009
40,21.95,27.23,124.05,4.16,60.4,39.5,0.1,0.11,12.23,27.73,26.74,27.99,5.2,53.17,46.66,0.17,0.28,15.07,34.97,23.37,26.11,0.19,13-010
40,21.95,27.23,124.05,4.16,60.4,39.5,0.1,0.11,12.23,27.73,26.74,27.99,5.2,53.17,46.66,0.17,0.28,15.07,34.97,23.37,26.11,0.19,13-012
40,21.95,27.23,124.05,4.16,60.4,39.5,0.1,0.11,12.23,27.73,26.74,27.99,5.2,53.17,46.66,0.17,0.28,15.07,34.97,23.37,26.11,0.19,13-013
40,21.95,27.23,124.05,4.16,60.4,39.5,0.1,0.11,12.23,27.73,26.74,27.99,5.2,53.17,46.66,0.17,0.28,15.07,34.97,23.37,26.11,0.19,14-001
40,21.95,27.23,124.05,4.16,60.4,39.5,0.1,0.11,12.23,27.73,26.74,27.99,5.2,53.17,46.66,0.17,0.28,15.07,34.97,23.37,26.11,0.19,14-002
40,21.95,27.23,124.05,4.16,60.4,39.5,0.1,0.11,12.23,27.73,26.74,27.99,5.2,53.17,46.66,0.17,0.28,15.07,34.97,23.37,26.11,0.19,14-005
40,21.95,27.23,124.05,4.16,60.4,39.5,0.1,0.11,12.23,27.73,26.74,27.99,5.2,53.17,46.66,0.17,0.28,15.07,34.97,23.37,26.11,0.19,15-004
40,21.95,27.23,124.05,4.16,60.4,39.5,0.1,0.11,12.23,27.73,26.74,27.99,5.2,53.17,46.66,0.17,0.28,15.07,34.97,23.37,26.11,0.19,15-005
40,21.95,27.23,124.05,4.16,60.4,39.5,0.1,0.11,12.23,27.73,26.74,27.99,5.2,53.17,46.66,0.17,0.28,15.07,34.97,23.37,26.11,0.19,15-006
40,21.95,27.23,124.05,4.16,60.4,39.5,0.1,0.11,12.23,27.73,26.74,27.99,5.2,53.17,46.66,0.17,0.28,15.07,34.97,23.37,26.11,0.19,15-013
40,21.95,27.23,124.05,4.16,60.4,39.5,0.1,0.11,12.23,27.73,26.74,27.99,5.2,53.17,46.66,0.17,0.28,15.07,34.97,23.37,26.11,0.19,15-014
40,21.95,27.23,124.05,4.16,60.4,39.5,0.1,0.11,12.23,27.73,26.74,27.99,5.2,53.17,46.66,0.17,0.28,15.07,34.97,23.37,26.11,0.19,15-015
40,21.95,27.23,124.05,4.16,60.4,39.5,0.1,0.11,12.23,27.73,26.74,27.99,5.2,53.17,46.66,0.17,0.28,15.07,34.97,23.37,26.11,0.19,15-016
40,21.95,27.23,124.05,4.16,60.4,39.5,0.1,0.11,12.23,27.73,26.74,27.99,5.2,53.17,46.66,0.17,0.28,15.07,34.97,23.37,26.11,0.19,15-017
40,21.95,27.23,124.05,4.16,60.4,39.5,0.1,0.11,12.23,27.73,26.74,27.99,5.2,53.17,46.66,0.17,0.28,15.07,34.97,23.37,26.11,0.19,15-018
40,21.95,27.23,124.05,4.16,60.4,39.5,0.1,0.11,12.23,27.73,26.74,27.99,5.2,53.17,46.66,0.17,0.28,15.07,34.97,23.37,26.11,0.19,15-020
40,21.95,27.23,124.05,4.16,60.4,39.5,0.1,0.11,12.23,27.73,26.74,27.99,5.2,53.17,46.66,0.17,0.28,15.07,34.97,23.37,26.11,0.19,15-021
40,21.95,27.23,124.05,4.16,60.4,39.5,0.1,0.11,12.23,27.73,26.74,27.99,5.2,53.17,46.66,0.17,0.28,15.07,34.97,23.37,26.11,0.19,15-022
40,21.95,27.23,124.05,4.16,60.4,39.5,0.1,0.11,12.23,27.73,26.74,27.99,5.2,53.17,46.66,0.17,0.28,15.07,34.97,23.37,26.11,0.19,15-023
40,21.95,27.23,124.05,4.16,60.4,39.5,0.1,0.11,12.23,27.73,26.74,27.99,5.2,53.17,46.66,0.17,0.28,15.07,34.97,23.37,26.11,0.19,15-024
40,21.95,27.23,124.05,4.16,60.4,39.5,0.1,0.11,12.23,27.73,26.74,27.99,5.2,53.17,46.66,0.17,0.28,15.07,34.97,23.37,26.11,0.19,15-025
40,21.95,27.23,124.05,4.16,60.4,39.5,0.1,0.11,12.23,27.73,26.74,27.99,5.2,53.17,46.66,0.17,0.28,15.07,34.97,23.37,26.11,0.19,16-002
40,21.95,27.23,124.05,4.16,60.4,39.5,0.1,0.11,12.23,27.73,26.74,27.99,5.2,53.17,46.66,0.17,0.28,15.07,34.97,23.37,26.11,0.19,16-006
40,21.95,27.23,124.05,4.16,60.4,39.5,0.1,0.11,12.23,27.73,26.74,27.99,5.2,53.17,46.66,0.17,0.28,15.07,34.97,23.37,26.11,0.19,16-008
40,21.95,27.23,124.05,4.16,60.4,39.5,0.1,0.11,12.23,27.73,26.74,27.99,5.2,53.17,46.66,0.17,0.28,15.07,34.97,23.37,26.11,0.19,16-009
40,21.95,27.23,124.05,4.16,60.4,39.5,0.1,0.11,12.23,27.73,26.74,27.99,5.2,53.17,46.66,0.17,0.28,15.07,34.97,23.37,26.11,0.19,16-010
40,21.95,27.23,124.05,4.16,60.4,39.5,0.1,0.11,12.23,27.73,26.74,27.99,5.2,53.17,46.66,0.17,0.28,15.07,34.97,23.37,26.11,0.19,16-011
40,21.95,27.23,124.05,4.16,60.4,39.5,0.1,0.11,12.23,27.73,26.74,27.99,5.2,53.17,46.66,0.17,0.28,15.07,34.97,23.37,26.11,0.19,16-012
40,21.95,27.23,124.05,4.16,60.4,39.5,0.1,0.11,12.23,27.73,26.74,27.99,5.2,53.17,46.66,0.17,0.28,15.07,34.97,23.37,26.11,0.19,17-002
40,21.95,27.23,124.05,4.16,60.4,39.5,0.1,0.11,12.23,27.73,26.74,27.99,5.2,53.17,46.66,0.17,0.28,15.07,34.97,23.37,26.11,0.19,18-001
40,21.95,27.23,124.05,4.16,60.4,39.5,0.1,0.11,12.23,27.73,26.74,27.99,5.2,53.17,46.66,0.17,0.28,15.07,34.97,23.37,26.11,0.19,18-002
40,21.95,27.23,124.05,4.16,60.4,39.5,0.1,0.11,12.23,27.73,26.74,27.99,5.2,53.17,46.66,0.17,0.28,15.07,34.97,23.37,26.11,0.19,19-002
40,21.95,27.23,124.05,4.16,60.4,39.5,0.1,0.11,12.23,27.73,26.74,27.99,5.2,53.17,46.66,0.17,0.28,15.07,34.97,23.37,26.11,0.19,20-010
40,21.95,27.23,124.05,4.16,60.4,39.5,0.1,0.11,12.23,27.73,26.74,27.99,5.2,53.17,46.66,0.17,0.28,15.07,34.97,23.37,26.11,0.19,20-011
40,21.95,27.23,124.05,4.16,60.4,39.5,0.1,0.11,12.23,27.73,26.74,27.99,5.2,53.17,46.66,0.17,0.28,15.07,34.97,23.37,26.11,0.19,20-012
40,21.95,27.23,124.05,4.16,60.4,39.5,0.1,0.11,12.23,27.73,26.74,27.99,5.2,53.17,46.66,0.17,0.28,15.07,34.97,23.37,26.11,0.19,21-001
40,21.95,27.23,124.05,4.16,60.4,39.5,0.1,0.11,12.23,27.73,26.74,27.99,5.2,53.17,46.66,0.17,0.28,15.07,34.97,23.37,26.11,0.19,21-002
40,21.95,27.23,124.05,4.16,60.4,39.5,0.1,0.11,12.23,27.73,26.74,27.99,5.2,53.17,46.66,0.17,0.28,15.07,34.97,23.37,26.11,0.19,21-003
40,21.95,27.23,124.05,4.16,60.4,39.5,0.1,0.11,12.23,27.73,26.74,27.99,5.2,53.17,46.66,0.17,0.28,15.07,34.97,23.37,26.11,0.19,25-003
40,21.95,27.23,124.05,4.16,60.4,39.5,0.1,0.11,12.23,27.73,26.74,27.99,5.2,53.17,46.66,0.17,0.28,15.07,34.97,23.37,26.11,0.19,25-004
40,21.95,27.23,124.05,4.16,60.4,39.5,0.1,0.11,12.23,27.73,26.74,27.99,5.2,53.17,46.66,0.17,0.28,15.07,34.97,23.37,26.11,0.19,25-017
40,21.95,27.23,124.05,4.16,60.4,39.5,0.1,0.11,12.23,27.73,26.74,27.99,5.2,53.17,46.66,0.17,0.28,15.07,34.97,23.37,26.11,0.19,25-018
40,21.95,27.23,124.05,4.16,60.4,39.5,0.1,0.11,12.23,27.73,26.74,27.99,5.2,53.17,46.66,0.17,0.28,15.07,34.97,23.37,26.11,0.19,27-053
40,21.95,27.23,124.05,4.16,60.4,39.5,0.1,0.11,12.23,27.73,26.74,27.99,5.2,53.17,46.66,0.17,0.28,15.07,34.97,23.37,26.11,0.19,27-054
44,22.97,28.74,125.09,2.59,63.49,36.37,0.14,0.15,10.37,23.7,30.86,29.94,4.98,54.19,45.66,0.15,0.34,14.95,30.79,25.78,27.92,0.21,11-004
44,22.97,28.74,125.09,2.59,63.49,36.37,0.14,0.15,10.37,23.7,30.86,29.94,4.98,54.19,45.66,0.15,0.34,14.95,30.79,25.78,27.92,0.21,14-003
44,22.97,28.74,125.09,2.59,63.49,36.37,0.14,0.15,10.37,23.7,30.86,29.94,4.98,54.19,45.66,0.15,0.34,14.95,30.79,25.78,27.92,0.21,14-004
44,22.97,28.74,125.09,2.59,63.49,36.37,0.14,0.15,10.37,23.7,30.86,29.94,4.98,54.19,45.66,0.15,0.34,14.95,30.79,25.78,27.92,0.21,15-019
44,22.97,28.74,125.09,2.59,63.49,36.37,0.14,0.15,10.37,23.7,30.86,29.94,4.98,54.19,45.66,0.15,0.34,14.95,30.79,25.78,27.92,0.21,16-001
44,22.97,28.74,125.09,2.59,63.49,36.37,0.14,0.15,10.37,23.7,30.86,29.94,4.98,54.19,45.66,0.15,0.34,14.95,30.79,25.78,27.92,0.21,16-003
44,22.97,28.74,125.09,2.59,63.49,36.37,0.14,0.15,10.37,23.7,30.86,29.94,4.98,54.19,45.66,0.15,0.34,14.95,30.79,25.78,27.92,0.21,16-004
44,22.97,28.74,125.09,2.59,63.49,36.37,0.14,0.15,10.37,23.7,30.86,29.94,4.98,54.19,45.66,0.15,0.34,14.95,30.79,25.78,27.92,0.21,16-005
44,22.97,28.74,125.09,2.59,63.49,36.37,0.14,0.15,10.37,23.7,30.86,29.94,4.98,54.19,45.66,0.15,0.34,14.95,30.79,25.78,27.92,0.21,16-007
44,22.97,28.74,125.09,2.59,63.49,36.37,0.14,0.15,10.37,23.7,30.86,29.94,4.98,54.19,45.66,0.15,0.34,14.95,30.79,25.78,27.92,0.21,17-001
44,22.97,28.74,125.09,2.59,63.49,36.37,0.14,0.15,10.37,23.7,30.86,29.94,4.98,54.19,45.66,0.15,0.34,14.95,30.79,25.78,27.92,0.21,19-001
44,22.97,28.74,125.09,2.59,63.49,36.37,0.14,0.15,10.37,23.7,30.86,29.94,4.98,54.19,45.66,0.15,0.34,14.95,30.79,25.78,27.92,0.21,19-003
44,22.97,28.74,125.09,2.59,63.49,36.37,0.14,0.15,10.37,23.7,30.86,29.94,4.98,54.19,45.66,0.15,0.34,14.95,30.79,25.78,27.92,0.21,20-001
44,22.97,28.74,125.09,2.59,63.49,36.37,0.14,0.15,10.37,23.7,30.86,29.94,4.98,54.19,45.66,0.15,0.34,14.95,30.79,25.78,27.92,0.21,20-002
44,22.97,28.74,125.09,2.59,63.49,36.37,0.14,0.15,10.37,23.7,30.86,29.94,4.98,54.19,45.66,0.15,0.34,14.95,30.79,25.78,27.92,0.21,20-003
44,22.97,28.74,125.09,2.59,63.49,36.37,0.14,0.15,10.37,23.7,30.86,29.94,4.98,54.19,45.66,0.15,0.34,14.95,30.79,25.78,27.92,0.21,20-004
44,22.97,28.74,125.09,2.59,63.49,36.37,0.14,0.15,10.37,23.7,30.86,29.94,4.98,54.19,45.66,0.15,0.34,14.95,30.79,25.78,27.92,0.21,20-008
44,22.97,28.74,125.09,2.59,63.49,36.37,0.14,0.15,10.37,23.7,30.86,29.94,4.98,54.19,45.66,0.15,0.34,14.95,30.79,25.78,27.92,0.21,20-009
44,22.97,28.74,125.09,2.59,63.49,36.37,0.14,0.15,10.37,23.7,30.86,29.94,4.98,54.19,45.66,0.15,0.34,14.95,30.79,25.78,27.92,0.21,25-001
44,22.97,28.74,125.09,2.59,63.49,36.37,0.14,0.15,10.37,23.7,30.86,29.94,4.98,54.19,45.66,0.15,0.34,14.95,30.79,25.78,27.92,0.21,25-002
44,22.97,28.74,125.09,2.59,63.49,36.37,0.14,0.15,10.37,23.7,30.86,29.94,4.98,54.19,45.66,0.15,0.34,14.95,30.79,25.78,27.92,0.21,28-013
44,22.97,28.74,125.09,2.59,63.49,36.37,0.14,0.15,10.37,23.7,30.86,29.94,4.98,54.19,45.66,0.15,0.34,14.95,30.79,25.78,27.92,0.21,28-014
43,30.7,35.68,116.2,4.15,61.13,38.77,0.09,0.21,11.57,28.28,25.93,28.76,5.25,54.55,45.3,0.15,0.41,15.7,34.92,22.61,26.27,0.08,08-008
43,30.7,35.68,116.2,4.15,61.13,38.77,0.09,0.21,11.57,28.28,25.93,28.76,5.25,54.55,45.3,0.15,0.41,15.7,34.92,22.61,26.27,0.08,09-001
43,30.7,35.68,116.2,4.15,61.13,38.77,0.09,0.21,11.57,28.28,25.93,28.76,5.25,54.55,45.3,0.15,0.41,15.7,34.92,22.61,26.27,0.08,09-002
43,30.7,35.68,116.2,4.15,61.13,38.77,0.09,0.21,11.57,28.28,25.93,28.76,5.25,54.55,45.3,0.15,0.41,15.7,34.92,22.61,26.27,0.08,09-003
43,30.7,35.68,116.2,4.15,61.13,38.77,0.09,0.21,11.57,28.28,25.93,28.76,5.25,54.55,45.3,0.15,0.41,15.7,34.92,22.61,26.27,0.08,09-004
43,30.7,35.68,116.2,4.15,61.13,38.77,0.09,0.21,11.57,28.28,25.93,28.76,5.25,54.55,45.3,0.15,0.41,15.7,34.92,22.61,26.27,0.08,09-005
43,30.7,35.68,116.2,4.15,61.13,38.77,0.09,0.21,11.57,28.28,25.93,28.76,5.25,54.55,45.3,0.15,0.41,15.7,34.92,22.61,26.27,0.08,09-006
43,30.7,35.68,116.2,4.15,61.13,38.77,0.09,0.21,11.57,28.28,25.93,28.76,5.25,54.55,45.3,0.15,0.41,15.7,34.92,22.61,26.27,0.08,09-007
43,30.7,35.68,116.2,4.15,61.13,38.77,0.09,0.21,11.57,28.28,25.93,28.76,5.25,54.55,45.3,0.15,0.41,15.7,34.92,22.61,26.27,0.08,09-008
43,30.7,35.68,116.2,4.15,61.13,38.77,0.09,0.21,11.57,28.28,25.93,28.76,5.25,54.55,45.3,0.15,0.41,15.7,34.92,22.61,26.27,0.08,09-009
43,30.7,35.68,116.2,4.15,61.13,38.77,0.09,0.21,11.57,28.28,25.93,28.76,5.25,54.55,45.3,0.15,0.41,15.7,34.92,22.61,26.27,0.08,09-010
43,30.7,35.68,116.2,4.15,61.13,38.77,0.09,0.21,11.57,28.28,25.93,28.76,5.25,54.55,45.3,0.15,0.41,15.7,34.92,22.61,26.27,0.08,09-011
43,30.7,35.68,116.2,4.15,61.13,38.77,0.09,0.21,11.57,28.28,25.93,28.76,5.25,54.55,45.3,0.15,0.41,15.7,34.92,22.61,26.27,0.08,09-012
43,30.7,35.68,116.2,4.15,61.13,38.77,0.09,0.21,11.57,28.28,25.93,28.76,5.25,54.55,45.3,0.15,0.41,15.7,34.92,22.61,26.27,0.08,09-014
43,30.7,35.68,116.2,4.15,61.13,38.77,0.09,0.21,11.57,28.28,25.93,28.76,5.25,54.55,45.3,0.15,0.41,15.7,34.92,22.61,26.27,0.08,12-001
43,30.7,35.68,116.2,4.15,61.13,38.77,0.09,0.21,11.57,28.28,25.93,28.76,5.25,54.55,45.3,0.15,0.41,15.7,34.92,22.61,26.27,0.08,12-002
43,30.7,35.68,116.2,4.15,61.13,38.77,0.09,0.21,11.57,28.28,25.93,28.76,5.25,54.55,45.3,0.15,0.41,15.7,34.92,22.61,26.27,0.08,12-003
43,30.7,35.68,116.2,4.15,61.13,38.77,0.09,0.21,11.57,28.28,25.93,28.76,5.25,54.55,45.3,0.15,0.41,15.7,34.92,22.61,26.27,0.08,12-004
43,30.7,35.68,116.2,4.15,61.13,38.77,0.09,0.21,11.57,28.28,25.93,28.76,5.25,54.55,45.3,0.15,0.41,15.7,34.92,22.61,26.27,0.08,12-005
43,30.7,35.68,116.2,4.15,61.13,38.77,0.09,0.21,11.57,28.28,25.93,28.76,5.25,54.55,45.3,0.15,0.41,15.7,34.92,22.61,26.27,0.08,12-006
43,30.7,35.68,116.2,4.15,61.13,38.77,0.09,0.21,11.57,28.28,25.93,28.76,5.25,54.55,45.3,0.15,0.41,15.7,34.92,22.61,26.27,0.08,12-007
43,30.7,35.68,116.2,4.15,61.13,38.77,0.09,0.21,11.57,28.28,25.93,28.76,5.25,54.55,45.3,0.15,0.41,15.7,34.92,22.61,26.27,0.08,12-008
43,30.7,35.68,116.2,4.15,61.13,38.77,0.09,0.21,11.57,28.28,25.93,28.76,5.25,54.55,45.3,0.15,0.41,15.7,34.92,22.61,26.27,0.08,12-009
43,30.7,35.68,116.2,4.15,61.13,38.77,0.09,0.21,11.57,28.28,25.93,28.76,5.25,54.55,45.3,0.15,0.41,15.7,34.92,22.61,26.27,0.08,12-010
43,30.7,35.68,116.2,4.15,61.13,38.77,0.09,0.21,11.57,28.28,25.93,28.76,5.25,54.55,45.3,0.15,0.41,15.7,34.92,22.61,26.27,0.08,12-011
43,30.7,35.68,116.2,4.15,61.13,38.77,0.09,0.21,11.57,28.28,25.93,28.76,5.25,54.55,45.3,0.15,0.41,15.7,34.92,22.61,26.27,0.08,13-011
43,30.7,35.68,116.2,4.15,61.13,38.77,0.09,0.21,11.57,28.28,25.93,28.76,5.25,54.55,45.3,0.15,0.41,15.7,34.92,22.61,26.27,0.08,27-012
43,30.7,35.68,116.2,4.15,61.13,38.77,0.09,0.21,11.57,28.28,25.93,28.76,5.25,54.55,45.3,0.15,0.41,15.7,34.92,22.61,26.27,0.08,27-013
43,30.7,35.68,116.2,4.15,61.13,38.77,0.09,0.21,11.57,28.28,25.93,28.76,5.25,54.55,45.3,0.15,0.41,15.7,34.92,22.61,26.27,0.08,27-015
43,30.7,35.68,116.2,4.15,61.13,38.77,0.09,0.21,11.57,28.28,25.93,28.76,5.25,54.55,45.3,0.15,0.41,15.7,34.92,22.61,26.27,0.08,27-016
43,30.7,35.68,116.2,4.15,61.13,38.77,0.09,0.21,11.57,28.28,25.93,28.76,5.25,54.55,45.3,0.15,0.41,15.7,34.92,22.61,26.27,0.08,27-017
43,30.7,35.68,116.2,4.15,61.13,38.77,0.09,0.21,11.57,28.28,25.93,28.76,5.25,54.55,45.3,0.15,0.41,15.7,34.92,22.61,26.27,0.08,27-018
43,30.7,35.68,116.2,4.15,61.13,38.77,0.09,0.21,11.57,28.28,25.93,28.76,5.25,54.55,45.3,0.15,0.41,15.7,34.92,22.61,26.27,0.08,27-019
43,30.7,35.68,116.2,4.15,61.13,38.77,0.09,0.21,11.57,28.28,25.93,28.76,5.25,54.55,45.3,0.15,0.41,15.7,34.92,22.61,26.27,0.08,27-020
43,30.7,35.68,116.2,4.15,61.13,38.77,0.09,0.21,11.57,28.28,25.93,28.76,5.25,54.55,45.3,0.15,0.41,15.7,34.92,22.61,26.27,0.08,27-021
43,30.7,35.68,116.2,4.15,61.13,38.77,0.09,0.21,11.57,28.28,25.93,28.76,5.25,54.55,45.3,0.15,0.41,15.7,34.92,22.61,26.27,0.08,27-022
43,30.7,35.68,116.2,4.15,61.13,38.77,0.09,0.21,11.57,28.28,25.93,28.76,5.25,54.55,45.3,0.15,0.41,15.7,34.92,22.61,26.27,0.08,27-023
43,30.7,35.68,116.2,4.15,61.13,38.77,0.09,0.21,11.57,28.28,25.93,28.76,5.25,54.55,45.3,0.15,0.41,15.7,34.92,22.61,26.27,0.08,27-024
43,30.7,35.68,116.2,4.15,61.13,38.77,0.09,0.21,11.57,28.28,25.93,28.76,5.25,54.55,45.3,0.15,0.41,15.7,34.92,22.61,26.27,0.08,27-025
43,30.7,35.68,116.2,4.15,61.13,38.77,0.09,0.21,11.57,28.28,25.93,28.76,5.25,54.55,45.3,0.15,0.41,15.7,34.92,22.61,26.27,0.08,27-026
43,30.7,35.68,116.2,4.15,61.13,38.77,0.09,0.21,11.57,28.28,25.93,28.76,5.25,54.55,45.3,0.15,0.41,15.7,34.92,22.61,26.27,0.08,27-027
43,30.7,35.68,116.2,4.15,61.13,38.77,0.09,0.21,11.57,28.28,25.93,28.76,5.25,54.55,45.3,0.15,0.41,15.7,34.92,22.61,26.27,0.08,27-028
43,30.7,35.68,116.2,4.15,61.13,38.77,0.09,0.21,11.57,28.28,25.93,28.76,5.25,54.55,45.3,0.15,0.41,15.7,34.92,22.61,26.27,0.08,27-029
43,30.7,35.68,116.2,4.15,61.13,38.77,0.09,0.21,11.57,28.28,25.93,28.76,5.25,54.55,45.3,0.15,0.41,15.7,34.92,22.61,26.27,0.08,27-030
43,30.7,35.68,116.2,4.15,61.13,38.77,0.09,0.21,11.57,28.28,25.93,28.76,5.25,54.55,45.3,0.15,0.41,15.7,34.92,22.61,26.27,0.08,27-031
43,30.7,35.68,116.2,4.15,61.13,38.77,0.09,0.21,11.57,28.28,25.93,28.76,5.25,54.55,45.3,0.15,0.41,15.7,34.92,22.61,26.27,0.08,27-032
43,30.7,35.68,116.2,4.15,61.13,38.77,0.09,0.21,11.57,28.28,25.93,28.76,5.25,54.55,45.3,0.15,0.41,15.7,34.92,22.61,26.27,0.08,27-033
43,30.7,35.68,116.2,4.15,61.13,38.77,0.09,0.21,11.57,28.28,25.93,28.76,5.25,54.55,45.3,0.15,0.41,15.7,34.92,22.61,26.27,0.08,27-034
43,30.7,35.68,116.2,4.15,61.13,38.77,0.09,0.21,11.57,28.28,25.93,28.76,5.25,54.55,45.3,0.15,0.41,15.7,34.92,22.61,26.27,0.08,27-035
43,30.7,35.68,116.2,4.15,61.13,38.77,0.09,0.21,11.57,28.28,25.93,28.76,5.25,54.55,45.3,0.15,0.41,15.7,34.92,22.61,26.27,0.08,27-036
43,30.7,35.68,116.2,4.15,61.13,38.77,0.09,0.21,11.57,28.28,25.93,28.76,5.25,54.55,45.3,0.15,0.41,15.7,34.92,22.61,26.27,0.08,27-037
43,30.7,35.68,116.2,4.15,61.13,38.77,0.09,0.21,11.57,28.28,25.93,28.76,5.25,54.55,45.3,0.15,0.41,15.7,34.92,22.61,26.27,0.08,27-038
43,30.7,35.68,116.2,4.15,61.13,38.77,0.09,0.21,11.57,28.28,25.93,28.76,5.25,54.55,45.3,0.15,0.41,15.7,34.92,22.61,26.27,0.08,27-039
43,30.7,35.68,116.2,4.15,61.13,38.77,0.09,0.21,11.57,28.28,25.93,28.76,5.25,54.55,45.3,0.15,0.41,15.7,34.92,22.61,26.27,0.08,27-040
43,30.7,35.68,116.2,4.15,61.13,38.77,0.09,0.21,11.57,28.28,25.93,28.76,5.25,54.55,45.3,0.15,0.41,15.7,34.92,22.61,26.27,0.08,27-041
41,31.37,37.29,118.87,3.85,61.35,38.57,0.08,0.26,10.46,22.92,26.66,34.77,4.93,55.3,44.57,0.13,0.43,13.96,29.02,22.95,33.54,0.09,13-001
41,31.37,37.29,118.87,3.85,61.35,38.57,0.08,0.26,10.46,22.92,26.66,34.77,4.93,55.3,44.57,0.13,0.43,13.96,29.02,22.95,33.54,0.09,15-001
41,31.37,37.29,118.87,3.85,61.35,38.57,0.08,0.26,10.46,22.92,26.66,34.77,4.93,55.3,44.57,0.13,0.43,13.96,29.02,22.95,33.54,0.09,15-002
41,31.37,37.29,118.87,3.85,61.35,38.57,0.08,0.26,10.46,22.92,26.66,34.77,4.93,55.3,44.57,0.13,0.43,13.96,29.02,22.95,33.54,0.09,15-003
41,31.37,37.29,118.87,3.85,61.35,38.57,0.08,0.26,10.46,22.92,26.66,34.77,4.93,55.3,44.57,0.13,0.43,13.96,29.02,22.95,33.54,0.09,15-007
41,31.37,37.29,118.87,3.85,61.35,38.57,0.08,0.26,10.46,22.92,26.66,34.77,4.93,55.3,44.57,0.13,0.43,13.96,29.02,22.95,33.54,0.09,15-008
41,31.37,37.29,118.87,3.85,61.35,38.57,0.08,0.26,10.46,22.92,26.66,34.77,4.93,55.3,44.57,0.13,0.43,13.96,29.02,22.95,33.54,0.09,15-009
41,31.37,37.29,118.87,3.85,61.35,38.57,0.08,0.26,10.46,22.92,26.66,34.77,4.93,55.3,44.57,0.13,0.43,13.96,29.02,22.95,33.54,0.09,15-010
41,31.37,37.29,118.87,3.85,61.35,38.57,0.08,0.26,10.46,22.92,26.66,34.77,4.93,55.3,44.57,0.13,0.43,13.96,29.02,22.95,33.54,0.09,15-011
41,31.37,37.29,118.87,3.85,61.35,38.57,0.08,0.26,10.46,22.92,26.66,34.77,4.93,55.3,44.57,0.13,0.43,13.96,29.02,22.95,33.54,0.09,15-012
41,31.37,37.29,118.87,3.85,61.35,38.57,0.08,0.26,10.46,22.92,26.66,34.77,4.93,55.3,44.57,0.13,0.43,13.96,29.02,22.95,33.54,0.09,16-013
41,31.37,37.29,118.87,3.85,61.35,38.57,0.08,0.26,10.46,22.92,26.66,34.77,4.93,55.3,44.57,0.13,0.43,13.96,29.02,22.95,33.54,0.09,16-014
41,31.37,37.29,118.87,3.85,61.35,38.57,0.08,0.26,10.46,22.92,26.66,34.77,4.93,55.3,44.57,0.13,0.43,13.96,29.02,22.95,33.54,0.09,20-005
41,31.37,37.29,118.87,3.85,61.35,38.57,0.08,0.26,10.46,22.92,26.66,34.77,4.93,55.3,44.57,0.13,0.43,13.96,29.02,22.95,33.54,0.09,20-006
41,31.37,37.29,118.87,3.85,61.35,38.57,0.08,0.26,10.46,22.92,26.66,34.77,4.93,55.3,44.57,0.13,0.43,13.96,29.02,22.95,33.54,0.09,20-007
41,31.37,37.29,118.87,3.85,61.35,38.57,0.08,0.26,10.46,22.92,26.66,34.77,4.93,55.3,44.57,0.13,0.43,13.96,29.02,22.95,33.54,0.09,27-042
41,31.37,37.29,118.87,3.85,61.35,38.57,0.08,0.26,10.46,22.92,26.66,34.77,4.93,55.3,44.57,0.13,0.43,13.96,29.02,22.95,33.54,0.09,27-043
41,31.37,37.29,118.87,3.85,61.35,38.57,0.08,0.26,10.46,22.92,26.66,34.77,4.93,55.3,44.57,0.13,0.43,13.96,29.02,22.95,33.54,0.09,27-044
41,31.37,37.29,118.87,3.85,61.35,38.57,0.08,0.26,10.46,22.92,26.66,34.77,4.93,55.3,44.57,0.13,0.43,13.96,29.02,22.95,33.54,0.09,27-045
41,31.37,37.29,118.87,3.85,61.35,38.57,0.08,0.26,10.46,22.92,26.66,34.77,4.93,55.3,44.57,0.13,0.43,13.96,29.02,22.95,33.54,0.09,27-046
41,31.37,37.29,118.87,3.85,61.35,38.57,0.08,0.26,10.46,22.92,26.66,34.77,4.93,55.3,44.57,0.13,0.43,13.96,29.02,22.95,33.54,0.09,27-047
41,31.37,37.29,118.87,3.85,61.35,38.57,0.08,0.26,10.46,22.92,26.66,34.77,4.93,55.3,44.57,0.13,0.43,13.96,29.02,22.95,33.54,0.09,27-048
41,31.37,37.29,118.87,3.85,61.35,38.57,0.08,0.26,10.46,22.92,26.66,34.77,4.93,55.3,44.57,0.13,0.43,13.96,29.02,22.95,33.54,0.09,27-049
41,31.37,37.29,118.87,3.85,61.35,38.57,0.08,0.26,10.46,22.92,26.66,34.77,4.93,55.3,44.57,0.13,0.43,13.96,29.02,22.95,33.54,0.09,27-050
41,31.37,37.29,118.87,3.85,61.35,38.57,0.08,0.26,10.46,22.92,26.66,34.77,4.93,55.3,44.57,0.13,0.43,13.96,29.02,22.95,33.54,0.09,27-051
41,31.37,37.29,118.87,3.85,61.35,38.57,0.08,0.26,10.46,22.92,26.66,34.77,4.93,55.3,44.57,0.13,0.43,13.96,29.02,22.95,33.54,0.09,27-052
41,31.37,37.29,118.87,3.85,61.35,38.57,0.08,0.26,10.46,22.92,26.66,34.77,4.93,55.3,44.57,0.13,0.43,13.96,29.02,22.95,33.54,0.09,27-055
41,31.37,37.29,118.87,3.85,61.35,38.57,0.08,0.26,10.46,22.92,26.66,34.77,4.93,55.3,44.57,0.13,0.43,13.96,29.02,22.95,33.54,0.09,27-056
41,31.37,37.29,118.87,3.85,61.35,38.57,0.08,0.26,10.46,22.92,26.66,34.77,4.93,55.3,44.57,0.13,0.43,13.96,29.02,22.95,33.54,0.09,27-057
41,31.37,37.29,118.87,3.85,61.35,38.57,0.08,0.26,10.46,22.92,26.66,34.77,4.93,55.3,44.57,0.13,0.43,13.96,29.02,22.95,33.54,0.09,27-058
41,31.37,37.29,118.87,3.85,61.35,38.57,0.08,0.26,10.46,22.92,26.66,34.77,4.93,55.3,44.57,0.13,0.43,13.96,29.02,22.95,33.54,0.09,27-059
41,31.37,37.29,118.87,3.85,61.35,38.57,0.08,0.26,10.46,22.92,26.66,34.77,4.93,55.3,44.57,0.13,0.43,13.96,29.02,22.95,33.54,0.09,27-060
41,31.37,37.29,118.87,3.85,61.35,38.57,0.08,0.26,10.46,22.92,26.66,34.77,4.93,55.3,44.57,0.13,0.43,13.96,29.02,22.95,33.54,0.09,27-061
41,31.37,37.29,118.87,3.85,61.35,38.57,0.08,0.26,10.46,22.92,26.66,34.77,4.93,55.3,44.57,0.13,0.43,13.96,29.02,22.95,33.54,0.09,27-062
41,31.37,37.29,118.87,3.85,61.35,38.57,0.08,0.26,10.46,22.92,26.66,34.77,4.93,55.3,44.57,0.13,0.43,13.96,29.02,22.95,33.54,0.09,27-063
41,31.37,37.29,118.87,3.85,61.35,38.57,0.08,0.26,10.46,22.92,26.66,34.77,4.93,55.3,44.57,0.13,0.43,13.96,29.02,22.95,33.54,0.09,27-064
41,31.37,37.29,118.87,3.85,61.35,38.57,0.08,0.26,10.46,22.92,26.66,34.77,4.93,55.3,44.57,0.13,0.43,13.96,29.02,22.95,33.54,0.09,27-065
41,31.37,37.29,118.87,3.85,61.35,38.57,0.08,0.26,10.46,22.92,26.66,34.77,4.93,55.3,44.57,0.13,0.43,13.96,29.02,22.95,33.54,0.09,27-066
41,31.37,37.29,118.87,3.85,61.35,38.57,0.08,0.26,10.46,22.92,26.66,34.77,4.93,55.3,44.57,0.13,0.43,13.96,29.02,22.95,33.54,0.09,27-067
41,31.37,37.29,118.87,3.85,61.35,38.57,0.08,0.26,10.46,22.92,26.66,34.77,4.93,55.3,44.57,0.13,0.43,13.96,29.02,22.95,33.54,0.09,28-001
41,31.37,37.29,118.87,3.85,61.35,38.57,0.08,0.26,10.46,22.92,26.66,34.77,4.93,55.3,44.57,0.13,0.43,13.96,29.02,22.95,33.54,0.09,28-002
41,31.37,37.29,118.87,3.85,61.35,38.57,0.08,0.26,10.46,22.92,26.66,34.77,4.93,55.3,44.57,0.13,0.43,13.96,29.02,22.95,33.54,0.09,28-003
41,31.37,37.29,118.87,3.85,61.35,38.57,0.08,0.26,10.46,22.92,26.66,34.77,4.93,55.3,44.57,0.13,0.43,13.96,29.02,22.95,33.54,0.09,28-004
41,31.37,37.29,118.87,3.85,61.35,38.57,0.08,0.26,10.46,22.92,26.66,34.77,4.93,55.3,44.57,0.13,0.43,13.96,29.02,22.95,33.54,0.09,28-005
41,31.37,37.29,118.87,3.85,61.35,38.57,0.08,0.26,10.46,22.92,26.66,34.77,4.93,55.3,44.57,0.13,0.43,13.96,29.02,22.95,33.54,0.09,28-006
41,31.37,37.29,118.87,3.85,61.35,38.57,0.08,0.26,10.46,22.92,26.66,34.77,4.93,55.3,44.57,0.13,0.43,13.96,29.02,22.95,33.54,0.09,28-007
41,31.37,37.29,118.87,3.85,61.35,38.57,0.08,0.26,10.46,22.92,26.66,34.77,4.93,55.3,44.57,0.13,0.43,13.96,29.02,22.95,33.54,0.09,28-008
41,31.37,37.29,118.87,3.85,61.35,38.57,0.08,0.26,10.46,22.92,26.66,34.77,4.93,55.3,44.57,0.13,0.43,13.96,29.02,22.95,33.54,0.09,28-009
41,31.37,37.29,118.87,3.85,61.35,38.57,0.08,0.26,10.46,22.92,26.66,34.77,4.93,55.3,44.57,0.13,0.43,13.96,29.02,22.95,33.54,0.09,28-010
41,31.37,37.29,118.87,3.85,61.35,38.57,0.08,0.26,10.46,22.92,26.66,34.77,4.93,55.3,44.57,0.13,0.43,13.96,29.02,22.95,33.54,0.09,28-011
41,31.37,37.29,118.87,3.85,61.35,38.57,0.08,0.26,10.46,22.92,26.66,34.77,4.93,55.3,44.57,0.13,0.43,13.96,29.02,22.95,33.54,0.09,28-012
41,31.37,37.29,118.87,3.85,61.35,38.57,0.08,0.26,10.46,22.92,26.66,34.77,4.93,55.3,44.57,0.13,0.43,13.96,29.02,22.95,33.54,0.09,28-015
